0,1
1,processedData/images/01/01_01_01_01.png
1,processedData/images/01/01_01_02_01.png
1,processedData/images/01/01_01_03_01.png
1,processedData/images/01/01_01_04_01.png
1,processedData/images/01/01_01_05_01.png
1,processedData/images/01/01_01_01_02.png
1,processedData/images/01/01_01_02_02.png
1,processedData/images/01/01_01_03_02.png
1,processedData/images/01/01_01_04_02.png
1,processedData/images/01/01_01_05_02.png
1,processedData/images/01/01_01_01_03.png
1,processedData/images/01/01_01_02_03.png
1,processedData/images/01/01_01_03_03.png
1,processedData/images/01/01_01_04_03.png
1,processedData/images/01/01_01_05_03.png
1,processedData/images/01/01_01_01_04.png
1,processedData/images/01/01_01_02_04.png
1,processedData/images/01/01_01_03_04.png
1,processedData/images/01/01_01_04_04.png
1,processedData/images/01/01_01_05_04.png
1,processedData/images/01/01_01_01_05.png
1,processedData/images/01/01_01_02_05.png
1,processedData/images/01/01_01_03_05.png
1,processedData/images/01/01_01_04_05.png
1,processedData/images/01/01_01_05_05.png
1,processedData/images/01/01_01_01_06.png
1,processedData/images/01/01_01_02_06.png
1,processedData/images/01/01_01_03_06.png
1,processedData/images/01/01_01_04_06.png
1,processedData/images/01/01_01_05_06.png
1,processedData/images/01/01_01_01_07.png
1,processedData/images/01/01_01_02_07.png
1,processedData/images/01/01_01_03_07.png
1,processedData/images/01/01_01_04_07.png
1,processedData/images/01/01_01_05_07.png
1,processedData/images/01/01_01_01_08.png
1,processedData/images/01/01_01_02_08.png
1,processedData/images/01/01_01_03_08.png
1,processedData/images/01/01_01_04_08.png
1,processedData/images/01/01_01_05_08.png
1,processedData/images/01/01_01_01_09.png
1,processedData/images/01/01_01_02_09.png
1,processedData/images/01/01_01_03_09.png
1,processedData/images/01/01_01_04_09.png
1,processedData/images/01/01_01_05_09.png
1,processedData/images/01/01_01_01_10.png
1,processedData/images/01/01_01_02_10.png
1,processedData/images/01/01_01_03_10.png
1,processedData/images/01/01_01_04_10.png
1,processedData/images/01/01_01_05_10.png
1,processedData/images/01/01_01_01_11.png
1,processedData/images/01/01_01_02_11.png
1,processedData/images/01/01_01_03_11.png
1,processedData/images/01/01_01_04_11.png
1,processedData/images/01/01_01_05_11.png
1,processedData/images/01/01_01_01_12.png
1,processedData/images/01/01_01_02_12.png
1,processedData/images/01/01_01_03_12.png
1,processedData/images/01/01_01_04_12.png
1,processedData/images/01/01_01_05_12.png
1,processedData/images/01/01_01_01_13.png
1,processedData/images/01/01_01_02_13.png
1,processedData/images/01/01_01_03_13.png
1,processedData/images/01/01_01_04_13.png
1,processedData/images/01/01_01_05_13.png
1,processedData/images/01/01_01_01_14.png
1,processedData/images/01/01_01_02_14.png
1,processedData/images/01/01_01_03_14.png
1,processedData/images/01/01_01_04_14.png
1,processedData/images/01/01_01_05_14.png
1,processedData/images/01/01_01_01_15.png
1,processedData/images/01/01_01_02_15.png
1,processedData/images/01/01_01_03_15.png
1,processedData/images/01/01_01_04_15.png
1,processedData/images/01/01_01_05_15.png
1,processedData/images/01/01_01_01_16.png
1,processedData/images/01/01_01_02_16.png
1,processedData/images/01/01_01_03_16.png
1,processedData/images/01/01_01_04_16.png
1,processedData/images/01/01_01_05_16.png
1,processedData/images/01/01_01_01_17.png
1,processedData/images/01/01_01_02_17.png
1,processedData/images/01/01_01_03_17.png
1,processedData/images/01/01_01_04_17.png
1,processedData/images/01/01_01_05_17.png
1,processedData/images/01/01_01_01_18.png
1,processedData/images/01/01_01_02_18.png
1,processedData/images/01/01_01_03_18.png
1,processedData/images/01/01_01_04_18.png
1,processedData/images/01/01_01_05_18.png
1,processedData/images/01/01_01_01_19.png
1,processedData/images/01/01_01_02_19.png
1,processedData/images/01/01_01_03_19.png
1,processedData/images/01/01_01_04_19.png
1,processedData/images/01/01_01_05_19.png
1,processedData/images/01/01_01_01_20.png
1,processedData/images/01/01_01_02_20.png
1,processedData/images/01/01_01_03_20.png
1,processedData/images/01/01_01_04_20.png
1,processedData/images/01/01_01_05_20.png
1,processedData/images/01/01_01_01_21.png
1,processedData/images/01/01_01_02_21.png
1,processedData/images/01/01_01_03_21.png
1,processedData/images/01/01_01_04_21.png
1,processedData/images/01/01_01_05_21.png
1,processedData/images/01/01_01_01_22.png
1,processedData/images/01/01_01_02_22.png
1,processedData/images/01/01_01_03_22.png
1,processedData/images/01/01_01_04_22.png
1,processedData/images/01/01_01_05_22.png
1,processedData/images/01/01_02_01_01.png
1,processedData/images/01/01_02_02_01.png
1,processedData/images/01/01_02_03_01.png
1,processedData/images/01/01_02_04_01.png
1,processedData/images/01/01_02_05_01.png
1,processedData/images/01/01_02_01_02.png
1,processedData/images/01/01_02_02_02.png
1,processedData/images/01/01_02_03_02.png
1,processedData/images/01/01_02_04_02.png
1,processedData/images/01/01_02_05_02.png
1,processedData/images/01/01_02_01_03.png
1,processedData/images/01/01_02_02_03.png
1,processedData/images/01/01_02_03_03.png
1,processedData/images/01/01_02_04_03.png
1,processedData/images/01/01_02_05_03.png
1,processedData/images/01/01_02_01_04.png
1,processedData/images/01/01_02_02_04.png
1,processedData/images/01/01_02_03_04.png
1,processedData/images/01/01_02_04_04.png
1,processedData/images/01/01_02_05_04.png
1,processedData/images/01/01_02_01_05.png
1,processedData/images/01/01_02_02_05.png
1,processedData/images/01/01_02_03_05.png
1,processedData/images/01/01_02_04_05.png
1,processedData/images/01/01_02_05_05.png
1,processedData/images/01/01_02_01_06.png
1,processedData/images/01/01_02_02_06.png
1,processedData/images/01/01_02_03_06.png
1,processedData/images/01/01_02_04_06.png
1,processedData/images/01/01_02_05_06.png
1,processedData/images/01/01_02_01_07.png
1,processedData/images/01/01_02_02_07.png
1,processedData/images/01/01_02_03_07.png
1,processedData/images/01/01_02_04_07.png
1,processedData/images/01/01_02_05_07.png
1,processedData/images/01/01_02_01_08.png
1,processedData/images/01/01_02_02_08.png
1,processedData/images/01/01_02_03_08.png
1,processedData/images/01/01_02_04_08.png
1,processedData/images/01/01_02_05_08.png
1,processedData/images/01/01_02_01_09.png
1,processedData/images/01/01_02_02_09.png
1,processedData/images/01/01_02_03_09.png
1,processedData/images/01/01_02_04_09.png
1,processedData/images/01/01_02_05_09.png
1,processedData/images/01/01_02_01_10.png
1,processedData/images/01/01_02_02_10.png
1,processedData/images/01/01_02_03_10.png
1,processedData/images/01/01_02_04_10.png
1,processedData/images/01/01_02_05_10.png
1,processedData/images/01/01_02_01_11.png
1,processedData/images/01/01_02_02_11.png
1,processedData/images/01/01_02_03_11.png
1,processedData/images/01/01_02_04_11.png
1,processedData/images/01/01_02_05_11.png
1,processedData/images/01/01_02_01_12.png
1,processedData/images/01/01_02_02_12.png
1,processedData/images/01/01_02_03_12.png
1,processedData/images/01/01_02_04_12.png
1,processedData/images/01/01_02_05_12.png
1,processedData/images/01/01_02_01_13.png
1,processedData/images/01/01_02_02_13.png
1,processedData/images/01/01_02_03_13.png
1,processedData/images/01/01_02_04_13.png
1,processedData/images/01/01_02_05_13.png
1,processedData/images/01/01_02_01_14.png
1,processedData/images/01/01_02_02_14.png
1,processedData/images/01/01_02_03_14.png
1,processedData/images/01/01_02_04_14.png
1,processedData/images/01/01_02_05_14.png
1,processedData/images/01/01_02_01_15.png
1,processedData/images/01/01_02_02_15.png
1,processedData/images/01/01_02_03_15.png
1,processedData/images/01/01_02_04_15.png
1,processedData/images/01/01_02_05_15.png
1,processedData/images/01/01_02_01_16.png
1,processedData/images/01/01_02_02_16.png
1,processedData/images/01/01_02_03_16.png
1,processedData/images/01/01_02_04_16.png
1,processedData/images/01/01_02_05_16.png
1,processedData/images/01/01_02_01_17.png
1,processedData/images/01/01_02_02_17.png
1,processedData/images/01/01_02_03_17.png
1,processedData/images/01/01_02_04_17.png
1,processedData/images/01/01_02_05_17.png
1,processedData/images/01/01_02_01_18.png
1,processedData/images/01/01_02_02_18.png
1,processedData/images/01/01_02_03_18.png
1,processedData/images/01/01_02_04_18.png
1,processedData/images/01/01_02_05_18.png
1,processedData/images/01/01_02_01_19.png
1,processedData/images/01/01_02_02_19.png
1,processedData/images/01/01_02_03_19.png
1,processedData/images/01/01_02_04_19.png
1,processedData/images/01/01_02_05_19.png
1,processedData/images/01/01_02_01_20.png
1,processedData/images/01/01_02_02_20.png
1,processedData/images/01/01_02_03_20.png
1,processedData/images/01/01_02_04_20.png
1,processedData/images/01/01_02_05_20.png
1,processedData/images/01/01_02_01_21.png
1,processedData/images/01/01_02_02_21.png
1,processedData/images/01/01_02_03_21.png
1,processedData/images/01/01_02_04_21.png
1,processedData/images/01/01_02_05_21.png
1,processedData/images/01/01_02_01_22.png
1,processedData/images/01/01_02_02_22.png
1,processedData/images/01/01_02_03_22.png
1,processedData/images/01/01_02_04_22.png
1,processedData/images/01/01_02_05_22.png
1,processedData/images/01/01_02_01_23.png
1,processedData/images/01/01_02_02_23.png
1,processedData/images/01/01_02_03_23.png
1,processedData/images/01/01_02_04_23.png
1,processedData/images/01/01_02_05_23.png
2,processedData/images/02/02_01_01_01.png
2,processedData/images/02/02_01_02_01.png
2,processedData/images/02/02_01_03_01.png
2,processedData/images/02/02_01_04_01.png
2,processedData/images/02/02_01_05_01.png
2,processedData/images/02/02_01_01_02.png
2,processedData/images/02/02_01_02_02.png
2,processedData/images/02/02_01_03_02.png
2,processedData/images/02/02_01_04_02.png
2,processedData/images/02/02_01_05_02.png
2,processedData/images/02/02_01_01_03.png
2,processedData/images/02/02_01_02_03.png
2,processedData/images/02/02_01_03_03.png
2,processedData/images/02/02_01_04_03.png
2,processedData/images/02/02_01_05_03.png
2,processedData/images/02/02_01_01_04.png
2,processedData/images/02/02_01_02_04.png
2,processedData/images/02/02_01_03_04.png
2,processedData/images/02/02_01_04_04.png
2,processedData/images/02/02_01_05_04.png
2,processedData/images/02/02_01_01_05.png
2,processedData/images/02/02_01_02_05.png
2,processedData/images/02/02_01_03_05.png
2,processedData/images/02/02_01_04_05.png
2,processedData/images/02/02_01_05_05.png
2,processedData/images/02/02_01_01_06.png
2,processedData/images/02/02_01_02_06.png
2,processedData/images/02/02_01_03_06.png
2,processedData/images/02/02_01_04_06.png
2,processedData/images/02/02_01_05_06.png
2,processedData/images/02/02_01_01_07.png
2,processedData/images/02/02_01_02_07.png
2,processedData/images/02/02_01_03_07.png
2,processedData/images/02/02_01_04_07.png
2,processedData/images/02/02_01_05_07.png
2,processedData/images/02/02_01_01_08.png
2,processedData/images/02/02_01_02_08.png
2,processedData/images/02/02_01_03_08.png
2,processedData/images/02/02_01_04_08.png
2,processedData/images/02/02_01_05_08.png
2,processedData/images/02/02_01_01_09.png
2,processedData/images/02/02_01_02_09.png
2,processedData/images/02/02_01_03_09.png
2,processedData/images/02/02_01_04_09.png
2,processedData/images/02/02_01_05_09.png
2,processedData/images/02/02_01_01_10.png
2,processedData/images/02/02_01_02_10.png
2,processedData/images/02/02_01_03_10.png
2,processedData/images/02/02_01_04_10.png
2,processedData/images/02/02_01_05_10.png
2,processedData/images/02/02_01_01_11.png
2,processedData/images/02/02_01_02_11.png
2,processedData/images/02/02_01_03_11.png
2,processedData/images/02/02_01_04_11.png
2,processedData/images/02/02_01_05_11.png
2,processedData/images/02/02_01_01_12.png
2,processedData/images/02/02_01_02_12.png
2,processedData/images/02/02_01_03_12.png
2,processedData/images/02/02_01_04_12.png
2,processedData/images/02/02_01_05_12.png
2,processedData/images/02/02_01_01_13.png
2,processedData/images/02/02_01_02_13.png
2,processedData/images/02/02_01_03_13.png
2,processedData/images/02/02_01_04_13.png
2,processedData/images/02/02_01_05_13.png
2,processedData/images/02/02_01_01_14.png
2,processedData/images/02/02_01_02_14.png
2,processedData/images/02/02_01_03_14.png
2,processedData/images/02/02_01_04_14.png
2,processedData/images/02/02_01_05_14.png
2,processedData/images/02/02_01_01_15.png
2,processedData/images/02/02_01_02_15.png
2,processedData/images/02/02_01_03_15.png
2,processedData/images/02/02_01_04_15.png
2,processedData/images/02/02_01_05_15.png
2,processedData/images/02/02_01_01_16.png
2,processedData/images/02/02_01_02_16.png
2,processedData/images/02/02_01_03_16.png
2,processedData/images/02/02_01_04_16.png
2,processedData/images/02/02_01_05_16.png
2,processedData/images/02/02_01_01_17.png
2,processedData/images/02/02_01_02_17.png
2,processedData/images/02/02_01_03_17.png
2,processedData/images/02/02_01_04_17.png
2,processedData/images/02/02_01_05_17.png
2,processedData/images/02/02_01_01_18.png
2,processedData/images/02/02_01_02_18.png
2,processedData/images/02/02_01_03_18.png
2,processedData/images/02/02_01_04_18.png
2,processedData/images/02/02_01_05_18.png
2,processedData/images/02/02_01_01_19.png
2,processedData/images/02/02_01_02_19.png
2,processedData/images/02/02_01_03_19.png
2,processedData/images/02/02_01_04_19.png
2,processedData/images/02/02_01_05_19.png
2,processedData/images/02/02_01_01_20.png
2,processedData/images/02/02_01_02_20.png
2,processedData/images/02/02_01_03_20.png
2,processedData/images/02/02_01_04_20.png
2,processedData/images/02/02_01_05_20.png
2,processedData/images/02/02_01_01_21.png
2,processedData/images/02/02_01_02_21.png
2,processedData/images/02/02_01_03_21.png
2,processedData/images/02/02_01_04_21.png
2,processedData/images/02/02_01_05_21.png
2,processedData/images/02/02_01_01_22.png
2,processedData/images/02/02_01_02_22.png
2,processedData/images/02/02_01_03_22.png
2,processedData/images/02/02_01_04_22.png
2,processedData/images/02/02_01_05_22.png
2,processedData/images/02/02_02_01_01.png
2,processedData/images/02/02_02_02_01.png
2,processedData/images/02/02_02_03_01.png
2,processedData/images/02/02_02_04_01.png
2,processedData/images/02/02_02_05_01.png
2,processedData/images/02/02_02_01_02.png
2,processedData/images/02/02_02_02_02.png
2,processedData/images/02/02_02_03_02.png
2,processedData/images/02/02_02_04_02.png
2,processedData/images/02/02_02_05_02.png
2,processedData/images/02/02_02_01_03.png
2,processedData/images/02/02_02_02_03.png
2,processedData/images/02/02_02_03_03.png
2,processedData/images/02/02_02_04_03.png
2,processedData/images/02/02_02_05_03.png
2,processedData/images/02/02_02_01_04.png
2,processedData/images/02/02_02_02_04.png
2,processedData/images/02/02_02_03_04.png
2,processedData/images/02/02_02_04_04.png
2,processedData/images/02/02_02_05_04.png
2,processedData/images/02/02_02_01_05.png
2,processedData/images/02/02_02_02_05.png
2,processedData/images/02/02_02_03_05.png
2,processedData/images/02/02_02_04_05.png
2,processedData/images/02/02_02_05_05.png
2,processedData/images/02/02_02_01_06.png
2,processedData/images/02/02_02_02_06.png
2,processedData/images/02/02_02_03_06.png
2,processedData/images/02/02_02_04_06.png
2,processedData/images/02/02_02_05_06.png
2,processedData/images/02/02_02_01_07.png
2,processedData/images/02/02_02_02_07.png
2,processedData/images/02/02_02_03_07.png
2,processedData/images/02/02_02_04_07.png
2,processedData/images/02/02_02_05_07.png
2,processedData/images/02/02_02_01_08.png
2,processedData/images/02/02_02_02_08.png
2,processedData/images/02/02_02_03_08.png
2,processedData/images/02/02_02_04_08.png
2,processedData/images/02/02_02_05_08.png
2,processedData/images/02/02_02_01_09.png
2,processedData/images/02/02_02_02_09.png
2,processedData/images/02/02_02_03_09.png
2,processedData/images/02/02_02_04_09.png
2,processedData/images/02/02_02_05_09.png
2,processedData/images/02/02_02_01_10.png
2,processedData/images/02/02_02_02_10.png
2,processedData/images/02/02_02_03_10.png
2,processedData/images/02/02_02_04_10.png
2,processedData/images/02/02_02_05_10.png
2,processedData/images/02/02_02_01_11.png
2,processedData/images/02/02_02_02_11.png
2,processedData/images/02/02_02_03_11.png
2,processedData/images/02/02_02_04_11.png
2,processedData/images/02/02_02_05_11.png
2,processedData/images/02/02_02_01_12.png
2,processedData/images/02/02_02_02_12.png
2,processedData/images/02/02_02_03_12.png
2,processedData/images/02/02_02_04_12.png
2,processedData/images/02/02_02_05_12.png
2,processedData/images/02/02_02_01_13.png
2,processedData/images/02/02_02_02_13.png
2,processedData/images/02/02_02_03_13.png
2,processedData/images/02/02_02_04_13.png
2,processedData/images/02/02_02_05_13.png
2,processedData/images/02/02_02_01_14.png
2,processedData/images/02/02_02_02_14.png
2,processedData/images/02/02_02_03_14.png
2,processedData/images/02/02_02_04_14.png
2,processedData/images/02/02_02_05_14.png
2,processedData/images/02/02_02_01_15.png
2,processedData/images/02/02_02_02_15.png
2,processedData/images/02/02_02_03_15.png
2,processedData/images/02/02_02_04_15.png
2,processedData/images/02/02_02_05_15.png
2,processedData/images/02/02_02_01_16.png
2,processedData/images/02/02_02_02_16.png
2,processedData/images/02/02_02_03_16.png
2,processedData/images/02/02_02_04_16.png
2,processedData/images/02/02_02_05_16.png
2,processedData/images/02/02_02_01_17.png
2,processedData/images/02/02_02_02_17.png
2,processedData/images/02/02_02_03_17.png
2,processedData/images/02/02_02_04_17.png
2,processedData/images/02/02_02_05_17.png
2,processedData/images/02/02_02_01_18.png
2,processedData/images/02/02_02_02_18.png
2,processedData/images/02/02_02_03_18.png
2,processedData/images/02/02_02_04_18.png
2,processedData/images/02/02_02_05_18.png
2,processedData/images/02/02_02_01_19.png
2,processedData/images/02/02_02_02_19.png
2,processedData/images/02/02_02_03_19.png
2,processedData/images/02/02_02_04_19.png
2,processedData/images/02/02_02_05_19.png
2,processedData/images/02/02_02_01_20.png
2,processedData/images/02/02_02_02_20.png
2,processedData/images/02/02_02_03_20.png
2,processedData/images/02/02_02_04_20.png
2,processedData/images/02/02_02_05_20.png
2,processedData/images/02/02_02_01_21.png
2,processedData/images/02/02_02_02_21.png
2,processedData/images/02/02_02_03_21.png
2,processedData/images/02/02_02_04_21.png
2,processedData/images/02/02_02_05_21.png
2,processedData/images/02/02_02_01_22.png
2,processedData/images/02/02_02_02_22.png
2,processedData/images/02/02_02_03_22.png
2,processedData/images/02/02_02_04_22.png
2,processedData/images/02/02_02_05_22.png
2,processedData/images/02/02_02_01_23.png
2,processedData/images/02/02_02_02_23.png
2,processedData/images/02/02_02_03_23.png
2,processedData/images/02/02_02_04_23.png
2,processedData/images/02/02_02_05_23.png
2,processedData/images/02/02_02_01_24.png
2,processedData/images/02/02_02_02_24.png
2,processedData/images/02/02_02_03_24.png
2,processedData/images/02/02_02_04_24.png
2,processedData/images/02/02_02_05_24.png
2,processedData/images/02/02_02_01_25.png
2,processedData/images/02/02_02_02_25.png
2,processedData/images/02/02_02_03_25.png
2,processedData/images/02/02_02_04_25.png
2,processedData/images/02/02_02_05_25.png
2,processedData/images/02/02_02_01_26.png
2,processedData/images/02/02_02_02_26.png
2,processedData/images/02/02_02_03_26.png
2,processedData/images/02/02_02_04_26.png
2,processedData/images/02/02_02_05_26.png
3,processedData/images/03/03_01_01_01.png
3,processedData/images/03/03_01_02_01.png
3,processedData/images/03/03_01_03_01.png
3,processedData/images/03/03_01_04_01.png
3,processedData/images/03/03_01_05_01.png
3,processedData/images/03/03_01_01_02.png
3,processedData/images/03/03_01_02_02.png
3,processedData/images/03/03_01_03_02.png
3,processedData/images/03/03_01_04_02.png
3,processedData/images/03/03_01_05_02.png
3,processedData/images/03/03_01_01_03.png
3,processedData/images/03/03_01_02_03.png
3,processedData/images/03/03_01_03_03.png
3,processedData/images/03/03_01_04_03.png
3,processedData/images/03/03_01_05_03.png
3,processedData/images/03/03_01_01_04.png
3,processedData/images/03/03_01_02_04.png
3,processedData/images/03/03_01_03_04.png
3,processedData/images/03/03_01_04_04.png
3,processedData/images/03/03_01_05_04.png
3,processedData/images/03/03_01_01_05.png
3,processedData/images/03/03_01_02_05.png
3,processedData/images/03/03_01_03_05.png
3,processedData/images/03/03_01_04_05.png
3,processedData/images/03/03_01_05_05.png
3,processedData/images/03/03_01_01_06.png
3,processedData/images/03/03_01_02_06.png
3,processedData/images/03/03_01_03_06.png
3,processedData/images/03/03_01_04_06.png
3,processedData/images/03/03_01_05_06.png
3,processedData/images/03/03_01_01_07.png
3,processedData/images/03/03_01_02_07.png
3,processedData/images/03/03_01_03_07.png
3,processedData/images/03/03_01_04_07.png
3,processedData/images/03/03_01_05_07.png
3,processedData/images/03/03_01_01_08.png
3,processedData/images/03/03_01_02_08.png
3,processedData/images/03/03_01_03_08.png
3,processedData/images/03/03_01_04_08.png
3,processedData/images/03/03_01_05_08.png
3,processedData/images/03/03_01_01_09.png
3,processedData/images/03/03_01_02_09.png
3,processedData/images/03/03_01_03_09.png
3,processedData/images/03/03_01_04_09.png
3,processedData/images/03/03_01_05_09.png
3,processedData/images/03/03_01_01_10.png
3,processedData/images/03/03_01_02_10.png
3,processedData/images/03/03_01_03_10.png
3,processedData/images/03/03_01_04_10.png
3,processedData/images/03/03_01_05_10.png
3,processedData/images/03/03_01_01_11.png
3,processedData/images/03/03_01_02_11.png
3,processedData/images/03/03_01_03_11.png
3,processedData/images/03/03_01_04_11.png
3,processedData/images/03/03_01_05_11.png
3,processedData/images/03/03_01_01_12.png
3,processedData/images/03/03_01_02_12.png
3,processedData/images/03/03_01_03_12.png
3,processedData/images/03/03_01_04_12.png
3,processedData/images/03/03_01_05_12.png
3,processedData/images/03/03_01_01_13.png
3,processedData/images/03/03_01_02_13.png
3,processedData/images/03/03_01_03_13.png
3,processedData/images/03/03_01_04_13.png
3,processedData/images/03/03_01_05_13.png
3,processedData/images/03/03_01_01_14.png
3,processedData/images/03/03_01_02_14.png
3,processedData/images/03/03_01_03_14.png
3,processedData/images/03/03_01_04_14.png
3,processedData/images/03/03_01_05_14.png
3,processedData/images/03/03_01_01_15.png
3,processedData/images/03/03_01_02_15.png
3,processedData/images/03/03_01_03_15.png
3,processedData/images/03/03_01_04_15.png
3,processedData/images/03/03_01_05_15.png
3,processedData/images/03/03_01_01_16.png
3,processedData/images/03/03_01_02_16.png
3,processedData/images/03/03_01_03_16.png
3,processedData/images/03/03_01_04_16.png
3,processedData/images/03/03_01_05_16.png
3,processedData/images/03/03_01_01_17.png
3,processedData/images/03/03_01_02_17.png
3,processedData/images/03/03_01_03_17.png
3,processedData/images/03/03_01_04_17.png
3,processedData/images/03/03_01_05_17.png
3,processedData/images/03/03_01_01_18.png
3,processedData/images/03/03_01_02_18.png
3,processedData/images/03/03_01_03_18.png
3,processedData/images/03/03_01_04_18.png
3,processedData/images/03/03_01_05_18.png
3,processedData/images/03/03_01_01_19.png
3,processedData/images/03/03_01_02_19.png
3,processedData/images/03/03_01_03_19.png
3,processedData/images/03/03_01_04_19.png
3,processedData/images/03/03_01_05_19.png
3,processedData/images/03/03_01_01_20.png
3,processedData/images/03/03_01_02_20.png
3,processedData/images/03/03_01_03_20.png
3,processedData/images/03/03_01_04_20.png
3,processedData/images/03/03_01_05_20.png
3,processedData/images/03/03_01_01_21.png
3,processedData/images/03/03_01_02_21.png
3,processedData/images/03/03_01_03_21.png
3,processedData/images/03/03_01_04_21.png
3,processedData/images/03/03_01_05_21.png
3,processedData/images/03/03_01_01_22.png
3,processedData/images/03/03_01_02_22.png
3,processedData/images/03/03_01_03_22.png
3,processedData/images/03/03_01_04_22.png
3,processedData/images/03/03_01_05_22.png
3,processedData/images/03/03_01_01_23.png
3,processedData/images/03/03_01_02_23.png
3,processedData/images/03/03_01_03_23.png
3,processedData/images/03/03_01_04_23.png
3,processedData/images/03/03_01_05_23.png
3,processedData/images/03/03_02_01_01.png
3,processedData/images/03/03_02_02_01.png
3,processedData/images/03/03_02_03_01.png
3,processedData/images/03/03_02_04_01.png
3,processedData/images/03/03_02_05_01.png
3,processedData/images/03/03_02_01_02.png
3,processedData/images/03/03_02_02_02.png
3,processedData/images/03/03_02_03_02.png
3,processedData/images/03/03_02_04_02.png
3,processedData/images/03/03_02_05_02.png
3,processedData/images/03/03_02_01_03.png
3,processedData/images/03/03_02_02_03.png
3,processedData/images/03/03_02_03_03.png
3,processedData/images/03/03_02_04_03.png
3,processedData/images/03/03_02_05_03.png
3,processedData/images/03/03_02_01_04.png
3,processedData/images/03/03_02_02_04.png
3,processedData/images/03/03_02_03_04.png
3,processedData/images/03/03_02_04_04.png
3,processedData/images/03/03_02_05_04.png
3,processedData/images/03/03_02_01_05.png
3,processedData/images/03/03_02_02_05.png
3,processedData/images/03/03_02_03_05.png
3,processedData/images/03/03_02_04_05.png
3,processedData/images/03/03_02_05_05.png
3,processedData/images/03/03_02_01_06.png
3,processedData/images/03/03_02_02_06.png
3,processedData/images/03/03_02_03_06.png
3,processedData/images/03/03_02_04_06.png
3,processedData/images/03/03_02_05_06.png
3,processedData/images/03/03_02_01_07.png
3,processedData/images/03/03_02_02_07.png
3,processedData/images/03/03_02_03_07.png
3,processedData/images/03/03_02_04_07.png
3,processedData/images/03/03_02_05_07.png
3,processedData/images/03/03_02_01_08.png
3,processedData/images/03/03_02_02_08.png
3,processedData/images/03/03_02_03_08.png
3,processedData/images/03/03_02_04_08.png
3,processedData/images/03/03_02_05_08.png
3,processedData/images/03/03_02_01_09.png
3,processedData/images/03/03_02_02_09.png
3,processedData/images/03/03_02_03_09.png
3,processedData/images/03/03_02_04_09.png
3,processedData/images/03/03_02_05_09.png
3,processedData/images/03/03_02_01_10.png
3,processedData/images/03/03_02_02_10.png
3,processedData/images/03/03_02_03_10.png
3,processedData/images/03/03_02_04_10.png
3,processedData/images/03/03_02_05_10.png
3,processedData/images/03/03_02_01_11.png
3,processedData/images/03/03_02_02_11.png
3,processedData/images/03/03_02_03_11.png
3,processedData/images/03/03_02_04_11.png
3,processedData/images/03/03_02_05_11.png
3,processedData/images/03/03_02_01_12.png
3,processedData/images/03/03_02_02_12.png
3,processedData/images/03/03_02_03_12.png
3,processedData/images/03/03_02_04_12.png
3,processedData/images/03/03_02_05_12.png
3,processedData/images/03/03_02_01_13.png
3,processedData/images/03/03_02_02_13.png
3,processedData/images/03/03_02_03_13.png
3,processedData/images/03/03_02_04_13.png
3,processedData/images/03/03_02_05_13.png
3,processedData/images/03/03_02_01_14.png
3,processedData/images/03/03_02_02_14.png
3,processedData/images/03/03_02_03_14.png
3,processedData/images/03/03_02_04_14.png
3,processedData/images/03/03_02_05_14.png
3,processedData/images/03/03_02_01_15.png
3,processedData/images/03/03_02_02_15.png
3,processedData/images/03/03_02_03_15.png
3,processedData/images/03/03_02_04_15.png
3,processedData/images/03/03_02_05_15.png
3,processedData/images/03/03_02_01_16.png
3,processedData/images/03/03_02_02_16.png
3,processedData/images/03/03_02_03_16.png
3,processedData/images/03/03_02_04_16.png
3,processedData/images/03/03_02_05_16.png
3,processedData/images/03/03_02_01_17.png
3,processedData/images/03/03_02_02_17.png
3,processedData/images/03/03_02_03_17.png
3,processedData/images/03/03_02_04_17.png
3,processedData/images/03/03_02_05_17.png
3,processedData/images/03/03_02_01_18.png
3,processedData/images/03/03_02_02_18.png
3,processedData/images/03/03_02_03_18.png
3,processedData/images/03/03_02_04_18.png
3,processedData/images/03/03_02_05_18.png
3,processedData/images/03/03_02_01_19.png
3,processedData/images/03/03_02_02_19.png
3,processedData/images/03/03_02_03_19.png
3,processedData/images/03/03_02_04_19.png
3,processedData/images/03/03_02_05_19.png
3,processedData/images/03/03_02_01_20.png
3,processedData/images/03/03_02_02_20.png
3,processedData/images/03/03_02_03_20.png
3,processedData/images/03/03_02_04_20.png
3,processedData/images/03/03_02_05_20.png
3,processedData/images/03/03_02_01_21.png
3,processedData/images/03/03_02_02_21.png
3,processedData/images/03/03_02_03_21.png
3,processedData/images/03/03_02_04_21.png
3,processedData/images/03/03_02_05_21.png
3,processedData/images/03/03_02_01_22.png
3,processedData/images/03/03_02_02_22.png
3,processedData/images/03/03_02_03_22.png
3,processedData/images/03/03_02_04_22.png
3,processedData/images/03/03_02_05_22.png
3,processedData/images/03/03_02_01_23.png
3,processedData/images/03/03_02_02_23.png
3,processedData/images/03/03_02_03_23.png
3,processedData/images/03/03_02_04_23.png
3,processedData/images/03/03_02_05_23.png
4,processedData/images/04/04_01_01_01.png
4,processedData/images/04/04_01_02_01.png
4,processedData/images/04/04_01_03_01.png
4,processedData/images/04/04_01_04_01.png
4,processedData/images/04/04_01_05_01.png
4,processedData/images/04/04_01_01_02.png
4,processedData/images/04/04_01_02_02.png
4,processedData/images/04/04_01_03_02.png
4,processedData/images/04/04_01_04_02.png
4,processedData/images/04/04_01_05_02.png
4,processedData/images/04/04_01_01_03.png
4,processedData/images/04/04_01_02_03.png
4,processedData/images/04/04_01_03_03.png
4,processedData/images/04/04_01_04_03.png
4,processedData/images/04/04_01_05_03.png
4,processedData/images/04/04_01_01_04.png
4,processedData/images/04/04_01_02_04.png
4,processedData/images/04/04_01_03_04.png
4,processedData/images/04/04_01_04_04.png
4,processedData/images/04/04_01_05_04.png
4,processedData/images/04/04_01_01_05.png
4,processedData/images/04/04_01_02_05.png
4,processedData/images/04/04_01_03_05.png
4,processedData/images/04/04_01_04_05.png
4,processedData/images/04/04_01_05_05.png
4,processedData/images/04/04_01_01_06.png
4,processedData/images/04/04_01_02_06.png
4,processedData/images/04/04_01_03_06.png
4,processedData/images/04/04_01_04_06.png
4,processedData/images/04/04_01_05_06.png
4,processedData/images/04/04_01_01_07.png
4,processedData/images/04/04_01_02_07.png
4,processedData/images/04/04_01_03_07.png
4,processedData/images/04/04_01_04_07.png
4,processedData/images/04/04_01_05_07.png
4,processedData/images/04/04_01_01_08.png
4,processedData/images/04/04_01_02_08.png
4,processedData/images/04/04_01_03_08.png
4,processedData/images/04/04_01_04_08.png
4,processedData/images/04/04_01_05_08.png
4,processedData/images/04/04_01_01_09.png
4,processedData/images/04/04_01_02_09.png
4,processedData/images/04/04_01_03_09.png
4,processedData/images/04/04_01_04_09.png
4,processedData/images/04/04_01_05_09.png
4,processedData/images/04/04_01_01_10.png
4,processedData/images/04/04_01_02_10.png
4,processedData/images/04/04_01_03_10.png
4,processedData/images/04/04_01_04_10.png
4,processedData/images/04/04_01_05_10.png
4,processedData/images/04/04_01_01_11.png
4,processedData/images/04/04_01_02_11.png
4,processedData/images/04/04_01_03_11.png
4,processedData/images/04/04_01_04_11.png
4,processedData/images/04/04_01_05_11.png
4,processedData/images/04/04_01_01_12.png
4,processedData/images/04/04_01_02_12.png
4,processedData/images/04/04_01_03_12.png
4,processedData/images/04/04_01_04_12.png
4,processedData/images/04/04_01_05_12.png
4,processedData/images/04/04_01_01_13.png
4,processedData/images/04/04_01_02_13.png
4,processedData/images/04/04_01_03_13.png
4,processedData/images/04/04_01_04_13.png
4,processedData/images/04/04_01_05_13.png
4,processedData/images/04/04_01_01_14.png
4,processedData/images/04/04_01_02_14.png
4,processedData/images/04/04_01_03_14.png
4,processedData/images/04/04_01_04_14.png
4,processedData/images/04/04_01_05_14.png
4,processedData/images/04/04_01_01_15.png
4,processedData/images/04/04_01_02_15.png
4,processedData/images/04/04_01_03_15.png
4,processedData/images/04/04_01_04_15.png
4,processedData/images/04/04_01_05_15.png
4,processedData/images/04/04_01_01_16.png
4,processedData/images/04/04_01_02_16.png
4,processedData/images/04/04_01_03_16.png
4,processedData/images/04/04_01_04_16.png
4,processedData/images/04/04_01_05_16.png
4,processedData/images/04/04_01_01_17.png
4,processedData/images/04/04_01_02_17.png
4,processedData/images/04/04_01_03_17.png
4,processedData/images/04/04_01_04_17.png
4,processedData/images/04/04_01_05_17.png
4,processedData/images/04/04_01_01_18.png
4,processedData/images/04/04_01_02_18.png
4,processedData/images/04/04_01_03_18.png
4,processedData/images/04/04_01_04_18.png
4,processedData/images/04/04_01_05_18.png
4,processedData/images/04/04_01_01_19.png
4,processedData/images/04/04_01_02_19.png
4,processedData/images/04/04_01_03_19.png
4,processedData/images/04/04_01_04_19.png
4,processedData/images/04/04_01_05_19.png
4,processedData/images/04/04_01_01_20.png
4,processedData/images/04/04_01_02_20.png
4,processedData/images/04/04_01_03_20.png
4,processedData/images/04/04_01_04_20.png
4,processedData/images/04/04_01_05_20.png
4,processedData/images/04/04_01_01_21.png
4,processedData/images/04/04_01_02_21.png
4,processedData/images/04/04_01_03_21.png
4,processedData/images/04/04_01_04_21.png
4,processedData/images/04/04_01_05_21.png
4,processedData/images/04/04_02_01_01.png
4,processedData/images/04/04_02_02_01.png
4,processedData/images/04/04_02_03_01.png
4,processedData/images/04/04_02_04_01.png
4,processedData/images/04/04_02_05_01.png
4,processedData/images/04/04_02_01_02.png
4,processedData/images/04/04_02_02_02.png
4,processedData/images/04/04_02_03_02.png
4,processedData/images/04/04_02_04_02.png
4,processedData/images/04/04_02_05_02.png
4,processedData/images/04/04_02_01_03.png
4,processedData/images/04/04_02_02_03.png
4,processedData/images/04/04_02_03_03.png
4,processedData/images/04/04_02_04_03.png
4,processedData/images/04/04_02_05_03.png
4,processedData/images/04/04_02_01_04.png
4,processedData/images/04/04_02_02_04.png
4,processedData/images/04/04_02_03_04.png
4,processedData/images/04/04_02_04_04.png
4,processedData/images/04/04_02_05_04.png
4,processedData/images/04/04_02_01_05.png
4,processedData/images/04/04_02_02_05.png
4,processedData/images/04/04_02_03_05.png
4,processedData/images/04/04_02_04_05.png
4,processedData/images/04/04_02_05_05.png
4,processedData/images/04/04_02_01_06.png
4,processedData/images/04/04_02_02_06.png
4,processedData/images/04/04_02_03_06.png
4,processedData/images/04/04_02_04_06.png
4,processedData/images/04/04_02_05_06.png
4,processedData/images/04/04_02_01_07.png
4,processedData/images/04/04_02_02_07.png
4,processedData/images/04/04_02_03_07.png
4,processedData/images/04/04_02_04_07.png
4,processedData/images/04/04_02_05_07.png
4,processedData/images/04/04_02_01_08.png
4,processedData/images/04/04_02_02_08.png
4,processedData/images/04/04_02_03_08.png
4,processedData/images/04/04_02_04_08.png
4,processedData/images/04/04_02_05_08.png
4,processedData/images/04/04_02_01_09.png
4,processedData/images/04/04_02_02_09.png
4,processedData/images/04/04_02_03_09.png
4,processedData/images/04/04_02_04_09.png
4,processedData/images/04/04_02_05_09.png
4,processedData/images/04/04_02_01_10.png
4,processedData/images/04/04_02_02_10.png
4,processedData/images/04/04_02_03_10.png
4,processedData/images/04/04_02_04_10.png
4,processedData/images/04/04_02_05_10.png
4,processedData/images/04/04_02_01_11.png
4,processedData/images/04/04_02_02_11.png
4,processedData/images/04/04_02_03_11.png
4,processedData/images/04/04_02_04_11.png
4,processedData/images/04/04_02_05_11.png
4,processedData/images/04/04_02_01_12.png
4,processedData/images/04/04_02_02_12.png
4,processedData/images/04/04_02_03_12.png
4,processedData/images/04/04_02_04_12.png
4,processedData/images/04/04_02_05_12.png
4,processedData/images/04/04_02_01_13.png
4,processedData/images/04/04_02_02_13.png
4,processedData/images/04/04_02_03_13.png
4,processedData/images/04/04_02_04_13.png
4,processedData/images/04/04_02_05_13.png
4,processedData/images/04/04_02_01_14.png
4,processedData/images/04/04_02_02_14.png
4,processedData/images/04/04_02_03_14.png
4,processedData/images/04/04_02_04_14.png
4,processedData/images/04/04_02_05_14.png
4,processedData/images/04/04_02_01_15.png
4,processedData/images/04/04_02_02_15.png
4,processedData/images/04/04_02_03_15.png
4,processedData/images/04/04_02_04_15.png
4,processedData/images/04/04_02_05_15.png
4,processedData/images/04/04_02_01_16.png
4,processedData/images/04/04_02_02_16.png
4,processedData/images/04/04_02_03_16.png
4,processedData/images/04/04_02_04_16.png
4,processedData/images/04/04_02_05_16.png
4,processedData/images/04/04_02_01_17.png
4,processedData/images/04/04_02_02_17.png
4,processedData/images/04/04_02_03_17.png
4,processedData/images/04/04_02_04_17.png
4,processedData/images/04/04_02_05_17.png
4,processedData/images/04/04_02_01_18.png
4,processedData/images/04/04_02_02_18.png
4,processedData/images/04/04_02_03_18.png
4,processedData/images/04/04_02_04_18.png
4,processedData/images/04/04_02_05_18.png
4,processedData/images/04/04_02_01_19.png
4,processedData/images/04/04_02_02_19.png
4,processedData/images/04/04_02_03_19.png
4,processedData/images/04/04_02_04_19.png
4,processedData/images/04/04_02_05_19.png
4,processedData/images/04/04_02_01_20.png
4,processedData/images/04/04_02_02_20.png
4,processedData/images/04/04_02_03_20.png
4,processedData/images/04/04_02_04_20.png
4,processedData/images/04/04_02_05_20.png
4,processedData/images/04/04_02_01_21.png
4,processedData/images/04/04_02_02_21.png
4,processedData/images/04/04_02_03_21.png
4,processedData/images/04/04_02_04_21.png
4,processedData/images/04/04_02_05_21.png
4,processedData/images/04/04_02_01_22.png
4,processedData/images/04/04_02_02_22.png
4,processedData/images/04/04_02_03_22.png
4,processedData/images/04/04_02_04_22.png
4,processedData/images/04/04_02_05_22.png
4,processedData/images/04/04_02_01_23.png
4,processedData/images/04/04_02_02_23.png
4,processedData/images/04/04_02_03_23.png
4,processedData/images/04/04_02_04_23.png
4,processedData/images/04/04_02_05_23.png
5,processedData/images/05/05_01_01_01.png
5,processedData/images/05/05_01_02_01.png
5,processedData/images/05/05_01_03_01.png
5,processedData/images/05/05_01_04_01.png
5,processedData/images/05/05_01_05_01.png
5,processedData/images/05/05_01_01_02.png
5,processedData/images/05/05_01_02_02.png
5,processedData/images/05/05_01_03_02.png
5,processedData/images/05/05_01_04_02.png
5,processedData/images/05/05_01_05_02.png
5,processedData/images/05/05_01_01_03.png
5,processedData/images/05/05_01_02_03.png
5,processedData/images/05/05_01_03_03.png
5,processedData/images/05/05_01_04_03.png
5,processedData/images/05/05_01_05_03.png
5,processedData/images/05/05_01_01_04.png
5,processedData/images/05/05_01_02_04.png
5,processedData/images/05/05_01_03_04.png
5,processedData/images/05/05_01_04_04.png
5,processedData/images/05/05_01_05_04.png
5,processedData/images/05/05_01_01_05.png
5,processedData/images/05/05_01_02_05.png
5,processedData/images/05/05_01_03_05.png
5,processedData/images/05/05_01_04_05.png
5,processedData/images/05/05_01_05_05.png
5,processedData/images/05/05_01_01_06.png
5,processedData/images/05/05_01_02_06.png
5,processedData/images/05/05_01_03_06.png
5,processedData/images/05/05_01_04_06.png
5,processedData/images/05/05_01_05_06.png
5,processedData/images/05/05_01_01_07.png
5,processedData/images/05/05_01_02_07.png
5,processedData/images/05/05_01_03_07.png
5,processedData/images/05/05_01_04_07.png
5,processedData/images/05/05_01_05_07.png
5,processedData/images/05/05_01_01_08.png
5,processedData/images/05/05_01_02_08.png
5,processedData/images/05/05_01_03_08.png
5,processedData/images/05/05_01_04_08.png
5,processedData/images/05/05_01_05_08.png
5,processedData/images/05/05_01_01_09.png
5,processedData/images/05/05_01_02_09.png
5,processedData/images/05/05_01_03_09.png
5,processedData/images/05/05_01_04_09.png
5,processedData/images/05/05_01_05_09.png
5,processedData/images/05/05_01_01_10.png
5,processedData/images/05/05_01_02_10.png
5,processedData/images/05/05_01_03_10.png
5,processedData/images/05/05_01_04_10.png
5,processedData/images/05/05_01_05_10.png
5,processedData/images/05/05_01_01_11.png
5,processedData/images/05/05_01_02_11.png
5,processedData/images/05/05_01_03_11.png
5,processedData/images/05/05_01_04_11.png
5,processedData/images/05/05_01_05_11.png
5,processedData/images/05/05_01_01_12.png
5,processedData/images/05/05_01_02_12.png
5,processedData/images/05/05_01_03_12.png
5,processedData/images/05/05_01_04_12.png
5,processedData/images/05/05_01_05_12.png
5,processedData/images/05/05_01_01_13.png
5,processedData/images/05/05_01_02_13.png
5,processedData/images/05/05_01_03_13.png
5,processedData/images/05/05_01_04_13.png
5,processedData/images/05/05_01_05_13.png
5,processedData/images/05/05_01_01_14.png
5,processedData/images/05/05_01_02_14.png
5,processedData/images/05/05_01_03_14.png
5,processedData/images/05/05_01_04_14.png
5,processedData/images/05/05_01_05_14.png
5,processedData/images/05/05_01_01_15.png
5,processedData/images/05/05_01_02_15.png
5,processedData/images/05/05_01_03_15.png
5,processedData/images/05/05_01_04_15.png
5,processedData/images/05/05_01_05_15.png
5,processedData/images/05/05_01_01_16.png
5,processedData/images/05/05_01_02_16.png
5,processedData/images/05/05_01_03_16.png
5,processedData/images/05/05_01_04_16.png
5,processedData/images/05/05_01_05_16.png
5,processedData/images/05/05_01_01_17.png
5,processedData/images/05/05_01_02_17.png
5,processedData/images/05/05_01_03_17.png
5,processedData/images/05/05_01_04_17.png
5,processedData/images/05/05_01_05_17.png
5,processedData/images/05/05_02_01_01.png
5,processedData/images/05/05_02_02_01.png
5,processedData/images/05/05_02_03_01.png
5,processedData/images/05/05_02_04_01.png
5,processedData/images/05/05_02_05_01.png
5,processedData/images/05/05_02_01_02.png
5,processedData/images/05/05_02_02_02.png
5,processedData/images/05/05_02_03_02.png
5,processedData/images/05/05_02_04_02.png
5,processedData/images/05/05_02_05_02.png
5,processedData/images/05/05_02_01_03.png
5,processedData/images/05/05_02_02_03.png
5,processedData/images/05/05_02_03_03.png
5,processedData/images/05/05_02_04_03.png
5,processedData/images/05/05_02_05_03.png
5,processedData/images/05/05_02_01_04.png
5,processedData/images/05/05_02_02_04.png
5,processedData/images/05/05_02_03_04.png
5,processedData/images/05/05_02_04_04.png
5,processedData/images/05/05_02_05_04.png
5,processedData/images/05/05_02_01_05.png
5,processedData/images/05/05_02_02_05.png
5,processedData/images/05/05_02_03_05.png
5,processedData/images/05/05_02_04_05.png
5,processedData/images/05/05_02_05_05.png
5,processedData/images/05/05_02_01_06.png
5,processedData/images/05/05_02_02_06.png
5,processedData/images/05/05_02_03_06.png
5,processedData/images/05/05_02_04_06.png
5,processedData/images/05/05_02_05_06.png
5,processedData/images/05/05_02_01_07.png
5,processedData/images/05/05_02_02_07.png
5,processedData/images/05/05_02_03_07.png
5,processedData/images/05/05_02_04_07.png
5,processedData/images/05/05_02_05_07.png
5,processedData/images/05/05_02_01_08.png
5,processedData/images/05/05_02_02_08.png
5,processedData/images/05/05_02_03_08.png
5,processedData/images/05/05_02_04_08.png
5,processedData/images/05/05_02_05_08.png
5,processedData/images/05/05_02_01_09.png
5,processedData/images/05/05_02_02_09.png
5,processedData/images/05/05_02_03_09.png
5,processedData/images/05/05_02_04_09.png
5,processedData/images/05/05_02_05_09.png
5,processedData/images/05/05_02_01_10.png
5,processedData/images/05/05_02_02_10.png
5,processedData/images/05/05_02_03_10.png
5,processedData/images/05/05_02_04_10.png
5,processedData/images/05/05_02_05_10.png
5,processedData/images/05/05_02_01_11.png
5,processedData/images/05/05_02_02_11.png
5,processedData/images/05/05_02_03_11.png
5,processedData/images/05/05_02_04_11.png
5,processedData/images/05/05_02_05_11.png
5,processedData/images/05/05_02_01_12.png
5,processedData/images/05/05_02_02_12.png
5,processedData/images/05/05_02_03_12.png
5,processedData/images/05/05_02_04_12.png
5,processedData/images/05/05_02_05_12.png
5,processedData/images/05/05_02_01_13.png
5,processedData/images/05/05_02_02_13.png
5,processedData/images/05/05_02_03_13.png
5,processedData/images/05/05_02_04_13.png
5,processedData/images/05/05_02_05_13.png
5,processedData/images/05/05_02_01_14.png
5,processedData/images/05/05_02_02_14.png
5,processedData/images/05/05_02_03_14.png
5,processedData/images/05/05_02_04_14.png
5,processedData/images/05/05_02_05_14.png
5,processedData/images/05/05_02_01_15.png
5,processedData/images/05/05_02_02_15.png
5,processedData/images/05/05_02_03_15.png
5,processedData/images/05/05_02_04_15.png
5,processedData/images/05/05_02_05_15.png
5,processedData/images/05/05_02_01_16.png
5,processedData/images/05/05_02_02_16.png
5,processedData/images/05/05_02_03_16.png
5,processedData/images/05/05_02_04_16.png
5,processedData/images/05/05_02_05_16.png
5,processedData/images/05/05_02_01_17.png
5,processedData/images/05/05_02_02_17.png
5,processedData/images/05/05_02_03_17.png
5,processedData/images/05/05_02_04_17.png
5,processedData/images/05/05_02_05_17.png
6,processedData/images/06/06_01_01_01.png
6,processedData/images/06/06_01_02_01.png
6,processedData/images/06/06_01_03_01.png
6,processedData/images/06/06_01_04_01.png
6,processedData/images/06/06_01_05_01.png
6,processedData/images/06/06_01_01_02.png
6,processedData/images/06/06_01_02_02.png
6,processedData/images/06/06_01_03_02.png
6,processedData/images/06/06_01_04_02.png
6,processedData/images/06/06_01_05_02.png
6,processedData/images/06/06_01_01_03.png
6,processedData/images/06/06_01_02_03.png
6,processedData/images/06/06_01_03_03.png
6,processedData/images/06/06_01_04_03.png
6,processedData/images/06/06_01_05_03.png
6,processedData/images/06/06_01_01_04.png
6,processedData/images/06/06_01_02_04.png
6,processedData/images/06/06_01_03_04.png
6,processedData/images/06/06_01_04_04.png
6,processedData/images/06/06_01_05_04.png
6,processedData/images/06/06_01_01_05.png
6,processedData/images/06/06_01_02_05.png
6,processedData/images/06/06_01_03_05.png
6,processedData/images/06/06_01_04_05.png
6,processedData/images/06/06_01_05_05.png
6,processedData/images/06/06_01_01_06.png
6,processedData/images/06/06_01_02_06.png
6,processedData/images/06/06_01_03_06.png
6,processedData/images/06/06_01_04_06.png
6,processedData/images/06/06_01_05_06.png
6,processedData/images/06/06_01_01_07.png
6,processedData/images/06/06_01_02_07.png
6,processedData/images/06/06_01_03_07.png
6,processedData/images/06/06_01_04_07.png
6,processedData/images/06/06_01_05_07.png
6,processedData/images/06/06_01_01_08.png
6,processedData/images/06/06_01_02_08.png
6,processedData/images/06/06_01_03_08.png
6,processedData/images/06/06_01_04_08.png
6,processedData/images/06/06_01_05_08.png
6,processedData/images/06/06_01_01_09.png
6,processedData/images/06/06_01_02_09.png
6,processedData/images/06/06_01_03_09.png
6,processedData/images/06/06_01_04_09.png
6,processedData/images/06/06_01_05_09.png
6,processedData/images/06/06_01_01_10.png
6,processedData/images/06/06_01_02_10.png
6,processedData/images/06/06_01_03_10.png
6,processedData/images/06/06_01_04_10.png
6,processedData/images/06/06_01_05_10.png
6,processedData/images/06/06_01_01_11.png
6,processedData/images/06/06_01_02_11.png
6,processedData/images/06/06_01_03_11.png
6,processedData/images/06/06_01_04_11.png
6,processedData/images/06/06_01_05_11.png
6,processedData/images/06/06_01_01_12.png
6,processedData/images/06/06_01_02_12.png
6,processedData/images/06/06_01_03_12.png
6,processedData/images/06/06_01_04_12.png
6,processedData/images/06/06_01_05_12.png
6,processedData/images/06/06_01_01_13.png
6,processedData/images/06/06_01_02_13.png
6,processedData/images/06/06_01_03_13.png
6,processedData/images/06/06_01_04_13.png
6,processedData/images/06/06_01_05_13.png
6,processedData/images/06/06_01_01_14.png
6,processedData/images/06/06_01_02_14.png
6,processedData/images/06/06_01_03_14.png
6,processedData/images/06/06_01_04_14.png
6,processedData/images/06/06_01_05_14.png
6,processedData/images/06/06_01_01_15.png
6,processedData/images/06/06_01_02_15.png
6,processedData/images/06/06_01_03_15.png
6,processedData/images/06/06_01_04_15.png
6,processedData/images/06/06_01_05_15.png
6,processedData/images/06/06_01_01_16.png
6,processedData/images/06/06_01_02_16.png
6,processedData/images/06/06_01_03_16.png
6,processedData/images/06/06_01_04_16.png
6,processedData/images/06/06_01_05_16.png
6,processedData/images/06/06_01_01_17.png
6,processedData/images/06/06_01_02_17.png
6,processedData/images/06/06_01_03_17.png
6,processedData/images/06/06_01_04_17.png
6,processedData/images/06/06_01_05_17.png
6,processedData/images/06/06_01_01_18.png
6,processedData/images/06/06_01_02_18.png
6,processedData/images/06/06_01_03_18.png
6,processedData/images/06/06_01_04_18.png
6,processedData/images/06/06_01_05_18.png
6,processedData/images/06/06_01_01_19.png
6,processedData/images/06/06_01_02_19.png
6,processedData/images/06/06_01_03_19.png
6,processedData/images/06/06_01_04_19.png
6,processedData/images/06/06_01_05_19.png
6,processedData/images/06/06_01_01_20.png
6,processedData/images/06/06_01_02_20.png
6,processedData/images/06/06_01_03_20.png
6,processedData/images/06/06_01_04_20.png
6,processedData/images/06/06_01_05_20.png
6,processedData/images/06/06_01_01_21.png
6,processedData/images/06/06_01_02_21.png
6,processedData/images/06/06_01_03_21.png
6,processedData/images/06/06_01_04_21.png
6,processedData/images/06/06_01_05_21.png
6,processedData/images/06/06_01_01_22.png
6,processedData/images/06/06_01_02_22.png
6,processedData/images/06/06_01_03_22.png
6,processedData/images/06/06_01_04_22.png
6,processedData/images/06/06_01_05_22.png
6,processedData/images/06/06_01_01_23.png
6,processedData/images/06/06_01_02_23.png
6,processedData/images/06/06_01_03_23.png
6,processedData/images/06/06_01_04_23.png
6,processedData/images/06/06_01_05_23.png
6,processedData/images/06/06_02_01_01.png
6,processedData/images/06/06_02_02_01.png
6,processedData/images/06/06_02_03_01.png
6,processedData/images/06/06_02_04_01.png
6,processedData/images/06/06_02_05_01.png
6,processedData/images/06/06_02_01_02.png
6,processedData/images/06/06_02_02_02.png
6,processedData/images/06/06_02_03_02.png
6,processedData/images/06/06_02_04_02.png
6,processedData/images/06/06_02_05_02.png
6,processedData/images/06/06_02_01_03.png
6,processedData/images/06/06_02_02_03.png
6,processedData/images/06/06_02_03_03.png
6,processedData/images/06/06_02_04_03.png
6,processedData/images/06/06_02_05_03.png
6,processedData/images/06/06_02_01_04.png
6,processedData/images/06/06_02_02_04.png
6,processedData/images/06/06_02_03_04.png
6,processedData/images/06/06_02_04_04.png
6,processedData/images/06/06_02_05_04.png
6,processedData/images/06/06_02_01_05.png
6,processedData/images/06/06_02_02_05.png
6,processedData/images/06/06_02_03_05.png
6,processedData/images/06/06_02_04_05.png
6,processedData/images/06/06_02_05_05.png
6,processedData/images/06/06_02_01_06.png
6,processedData/images/06/06_02_02_06.png
6,processedData/images/06/06_02_03_06.png
6,processedData/images/06/06_02_04_06.png
6,processedData/images/06/06_02_05_06.png
6,processedData/images/06/06_02_01_07.png
6,processedData/images/06/06_02_02_07.png
6,processedData/images/06/06_02_03_07.png
6,processedData/images/06/06_02_04_07.png
6,processedData/images/06/06_02_05_07.png
6,processedData/images/06/06_02_01_08.png
6,processedData/images/06/06_02_02_08.png
6,processedData/images/06/06_02_03_08.png
6,processedData/images/06/06_02_04_08.png
6,processedData/images/06/06_02_05_08.png
6,processedData/images/06/06_02_01_09.png
6,processedData/images/06/06_02_02_09.png
6,processedData/images/06/06_02_03_09.png
6,processedData/images/06/06_02_04_09.png
6,processedData/images/06/06_02_05_09.png
6,processedData/images/06/06_02_01_10.png
6,processedData/images/06/06_02_02_10.png
6,processedData/images/06/06_02_03_10.png
6,processedData/images/06/06_02_04_10.png
6,processedData/images/06/06_02_05_10.png
6,processedData/images/06/06_02_01_11.png
6,processedData/images/06/06_02_02_11.png
6,processedData/images/06/06_02_03_11.png
6,processedData/images/06/06_02_04_11.png
6,processedData/images/06/06_02_05_11.png
6,processedData/images/06/06_02_01_12.png
6,processedData/images/06/06_02_02_12.png
6,processedData/images/06/06_02_03_12.png
6,processedData/images/06/06_02_04_12.png
6,processedData/images/06/06_02_05_12.png
6,processedData/images/06/06_02_01_13.png
6,processedData/images/06/06_02_02_13.png
6,processedData/images/06/06_02_03_13.png
6,processedData/images/06/06_02_04_13.png
6,processedData/images/06/06_02_05_13.png
6,processedData/images/06/06_02_01_14.png
6,processedData/images/06/06_02_02_14.png
6,processedData/images/06/06_02_03_14.png
6,processedData/images/06/06_02_04_14.png
6,processedData/images/06/06_02_05_14.png
6,processedData/images/06/06_02_01_15.png
6,processedData/images/06/06_02_02_15.png
6,processedData/images/06/06_02_03_15.png
6,processedData/images/06/06_02_04_15.png
6,processedData/images/06/06_02_05_15.png
6,processedData/images/06/06_02_01_16.png
6,processedData/images/06/06_02_02_16.png
6,processedData/images/06/06_02_03_16.png
6,processedData/images/06/06_02_04_16.png
6,processedData/images/06/06_02_05_16.png
6,processedData/images/06/06_02_01_17.png
6,processedData/images/06/06_02_02_17.png
6,processedData/images/06/06_02_03_17.png
6,processedData/images/06/06_02_04_17.png
6,processedData/images/06/06_02_05_17.png
6,processedData/images/06/06_02_01_18.png
6,processedData/images/06/06_02_02_18.png
6,processedData/images/06/06_02_03_18.png
6,processedData/images/06/06_02_04_18.png
6,processedData/images/06/06_02_05_18.png
6,processedData/images/06/06_02_01_19.png
6,processedData/images/06/06_02_02_19.png
6,processedData/images/06/06_02_03_19.png
6,processedData/images/06/06_02_04_19.png
6,processedData/images/06/06_02_05_19.png
6,processedData/images/06/06_02_01_20.png
6,processedData/images/06/06_02_02_20.png
6,processedData/images/06/06_02_03_20.png
6,processedData/images/06/06_02_04_20.png
6,processedData/images/06/06_02_05_20.png
6,processedData/images/06/06_02_01_21.png
6,processedData/images/06/06_02_02_21.png
6,processedData/images/06/06_02_03_21.png
6,processedData/images/06/06_02_04_21.png
6,processedData/images/06/06_02_05_21.png
6,processedData/images/06/06_02_01_22.png
6,processedData/images/06/06_02_02_22.png
6,processedData/images/06/06_02_03_22.png
6,processedData/images/06/06_02_04_22.png
6,processedData/images/06/06_02_05_22.png
6,processedData/images/06/06_02_01_23.png
6,processedData/images/06/06_02_02_23.png
6,processedData/images/06/06_02_03_23.png
6,processedData/images/06/06_02_04_23.png
6,processedData/images/06/06_02_05_23.png
7,processedData/images/07/07_01_01_01.png
7,processedData/images/07/07_01_02_01.png
7,processedData/images/07/07_01_03_01.png
7,processedData/images/07/07_01_04_01.png
7,processedData/images/07/07_01_05_01.png
7,processedData/images/07/07_01_01_02.png
7,processedData/images/07/07_01_02_02.png
7,processedData/images/07/07_01_03_02.png
7,processedData/images/07/07_01_04_02.png
7,processedData/images/07/07_01_05_02.png
7,processedData/images/07/07_01_01_03.png
7,processedData/images/07/07_01_02_03.png
7,processedData/images/07/07_01_03_03.png
7,processedData/images/07/07_01_04_03.png
7,processedData/images/07/07_01_05_03.png
7,processedData/images/07/07_01_01_04.png
7,processedData/images/07/07_01_02_04.png
7,processedData/images/07/07_01_03_04.png
7,processedData/images/07/07_01_04_04.png
7,processedData/images/07/07_01_05_04.png
7,processedData/images/07/07_01_01_05.png
7,processedData/images/07/07_01_02_05.png
7,processedData/images/07/07_01_03_05.png
7,processedData/images/07/07_01_04_05.png
7,processedData/images/07/07_01_05_05.png
7,processedData/images/07/07_01_01_06.png
7,processedData/images/07/07_01_02_06.png
7,processedData/images/07/07_01_03_06.png
7,processedData/images/07/07_01_04_06.png
7,processedData/images/07/07_01_05_06.png
7,processedData/images/07/07_01_01_07.png
7,processedData/images/07/07_01_02_07.png
7,processedData/images/07/07_01_03_07.png
7,processedData/images/07/07_01_04_07.png
7,processedData/images/07/07_01_05_07.png
7,processedData/images/07/07_01_01_08.png
7,processedData/images/07/07_01_02_08.png
7,processedData/images/07/07_01_03_08.png
7,processedData/images/07/07_01_04_08.png
7,processedData/images/07/07_01_05_08.png
7,processedData/images/07/07_01_01_09.png
7,processedData/images/07/07_01_02_09.png
7,processedData/images/07/07_01_03_09.png
7,processedData/images/07/07_01_04_09.png
7,processedData/images/07/07_01_05_09.png
7,processedData/images/07/07_01_01_10.png
7,processedData/images/07/07_01_02_10.png
7,processedData/images/07/07_01_03_10.png
7,processedData/images/07/07_01_04_10.png
7,processedData/images/07/07_01_05_10.png
7,processedData/images/07/07_01_01_11.png
7,processedData/images/07/07_01_02_11.png
7,processedData/images/07/07_01_03_11.png
7,processedData/images/07/07_01_04_11.png
7,processedData/images/07/07_01_05_11.png
7,processedData/images/07/07_01_01_12.png
7,processedData/images/07/07_01_02_12.png
7,processedData/images/07/07_01_03_12.png
7,processedData/images/07/07_01_04_12.png
7,processedData/images/07/07_01_05_12.png
7,processedData/images/07/07_01_01_13.png
7,processedData/images/07/07_01_02_13.png
7,processedData/images/07/07_01_03_13.png
7,processedData/images/07/07_01_04_13.png
7,processedData/images/07/07_01_05_13.png
7,processedData/images/07/07_01_01_14.png
7,processedData/images/07/07_01_02_14.png
7,processedData/images/07/07_01_03_14.png
7,processedData/images/07/07_01_04_14.png
7,processedData/images/07/07_01_05_14.png
7,processedData/images/07/07_01_01_15.png
7,processedData/images/07/07_01_02_15.png
7,processedData/images/07/07_01_03_15.png
7,processedData/images/07/07_01_04_15.png
7,processedData/images/07/07_01_05_15.png
7,processedData/images/07/07_01_01_16.png
7,processedData/images/07/07_01_02_16.png
7,processedData/images/07/07_01_03_16.png
7,processedData/images/07/07_01_04_16.png
7,processedData/images/07/07_01_05_16.png
7,processedData/images/07/07_01_01_17.png
7,processedData/images/07/07_01_02_17.png
7,processedData/images/07/07_01_03_17.png
7,processedData/images/07/07_01_04_17.png
7,processedData/images/07/07_01_05_17.png
7,processedData/images/07/07_01_01_18.png
7,processedData/images/07/07_01_02_18.png
7,processedData/images/07/07_01_03_18.png
7,processedData/images/07/07_01_04_18.png
7,processedData/images/07/07_01_05_18.png
7,processedData/images/07/07_01_01_19.png
7,processedData/images/07/07_01_02_19.png
7,processedData/images/07/07_01_03_19.png
7,processedData/images/07/07_01_04_19.png
7,processedData/images/07/07_01_05_19.png
7,processedData/images/07/07_01_01_20.png
7,processedData/images/07/07_01_02_20.png
7,processedData/images/07/07_01_03_20.png
7,processedData/images/07/07_01_04_20.png
7,processedData/images/07/07_01_05_20.png
7,processedData/images/07/07_01_01_21.png
7,processedData/images/07/07_01_02_21.png
7,processedData/images/07/07_01_03_21.png
7,processedData/images/07/07_01_04_21.png
7,processedData/images/07/07_01_05_21.png
7,processedData/images/07/07_01_01_22.png
7,processedData/images/07/07_01_02_22.png
7,processedData/images/07/07_01_03_22.png
7,processedData/images/07/07_01_04_22.png
7,processedData/images/07/07_01_05_22.png
7,processedData/images/07/07_01_01_23.png
7,processedData/images/07/07_01_02_23.png
7,processedData/images/07/07_01_03_23.png
7,processedData/images/07/07_01_04_23.png
7,processedData/images/07/07_01_05_23.png
7,processedData/images/07/07_01_01_24.png
7,processedData/images/07/07_01_02_24.png
7,processedData/images/07/07_01_03_24.png
7,processedData/images/07/07_01_04_24.png
7,processedData/images/07/07_01_05_24.png
7,processedData/images/07/07_02_01_01.png
7,processedData/images/07/07_02_02_01.png
7,processedData/images/07/07_02_03_01.png
7,processedData/images/07/07_02_04_01.png
7,processedData/images/07/07_02_05_01.png
7,processedData/images/07/07_02_01_02.png
7,processedData/images/07/07_02_02_02.png
7,processedData/images/07/07_02_03_02.png
7,processedData/images/07/07_02_04_02.png
7,processedData/images/07/07_02_05_02.png
7,processedData/images/07/07_02_01_03.png
7,processedData/images/07/07_02_02_03.png
7,processedData/images/07/07_02_03_03.png
7,processedData/images/07/07_02_04_03.png
7,processedData/images/07/07_02_05_03.png
7,processedData/images/07/07_02_01_04.png
7,processedData/images/07/07_02_02_04.png
7,processedData/images/07/07_02_03_04.png
7,processedData/images/07/07_02_04_04.png
7,processedData/images/07/07_02_05_04.png
7,processedData/images/07/07_02_01_05.png
7,processedData/images/07/07_02_02_05.png
7,processedData/images/07/07_02_03_05.png
7,processedData/images/07/07_02_04_05.png
7,processedData/images/07/07_02_05_05.png
7,processedData/images/07/07_02_01_06.png
7,processedData/images/07/07_02_02_06.png
7,processedData/images/07/07_02_03_06.png
7,processedData/images/07/07_02_04_06.png
7,processedData/images/07/07_02_05_06.png
7,processedData/images/07/07_02_01_07.png
7,processedData/images/07/07_02_02_07.png
7,processedData/images/07/07_02_03_07.png
7,processedData/images/07/07_02_04_07.png
7,processedData/images/07/07_02_05_07.png
7,processedData/images/07/07_02_01_08.png
7,processedData/images/07/07_02_02_08.png
7,processedData/images/07/07_02_03_08.png
7,processedData/images/07/07_02_04_08.png
7,processedData/images/07/07_02_05_08.png
7,processedData/images/07/07_02_01_09.png
7,processedData/images/07/07_02_02_09.png
7,processedData/images/07/07_02_03_09.png
7,processedData/images/07/07_02_04_09.png
7,processedData/images/07/07_02_05_09.png
7,processedData/images/07/07_02_01_10.png
7,processedData/images/07/07_02_02_10.png
7,processedData/images/07/07_02_03_10.png
7,processedData/images/07/07_02_04_10.png
7,processedData/images/07/07_02_05_10.png
7,processedData/images/07/07_02_01_11.png
7,processedData/images/07/07_02_02_11.png
7,processedData/images/07/07_02_03_11.png
7,processedData/images/07/07_02_04_11.png
7,processedData/images/07/07_02_05_11.png
7,processedData/images/07/07_02_01_12.png
7,processedData/images/07/07_02_02_12.png
7,processedData/images/07/07_02_03_12.png
7,processedData/images/07/07_02_04_12.png
7,processedData/images/07/07_02_05_12.png
7,processedData/images/07/07_02_01_13.png
7,processedData/images/07/07_02_02_13.png
7,processedData/images/07/07_02_03_13.png
7,processedData/images/07/07_02_04_13.png
7,processedData/images/07/07_02_05_13.png
7,processedData/images/07/07_02_01_14.png
7,processedData/images/07/07_02_02_14.png
7,processedData/images/07/07_02_03_14.png
7,processedData/images/07/07_02_04_14.png
7,processedData/images/07/07_02_05_14.png
7,processedData/images/07/07_02_01_15.png
7,processedData/images/07/07_02_02_15.png
7,processedData/images/07/07_02_03_15.png
7,processedData/images/07/07_02_04_15.png
7,processedData/images/07/07_02_05_15.png
7,processedData/images/07/07_02_01_16.png
7,processedData/images/07/07_02_02_16.png
7,processedData/images/07/07_02_03_16.png
7,processedData/images/07/07_02_04_16.png
7,processedData/images/07/07_02_05_16.png
7,processedData/images/07/07_02_01_17.png
7,processedData/images/07/07_02_02_17.png
7,processedData/images/07/07_02_03_17.png
7,processedData/images/07/07_02_04_17.png
7,processedData/images/07/07_02_05_17.png
7,processedData/images/07/07_02_01_18.png
7,processedData/images/07/07_02_02_18.png
7,processedData/images/07/07_02_03_18.png
7,processedData/images/07/07_02_04_18.png
7,processedData/images/07/07_02_05_18.png
7,processedData/images/07/07_02_01_19.png
7,processedData/images/07/07_02_02_19.png
7,processedData/images/07/07_02_03_19.png
7,processedData/images/07/07_02_04_19.png
7,processedData/images/07/07_02_05_19.png
8,processedData/images/08/08_01_01_01.png
8,processedData/images/08/08_01_02_01.png
8,processedData/images/08/08_01_03_01.png
8,processedData/images/08/08_01_04_01.png
8,processedData/images/08/08_01_05_01.png
8,processedData/images/08/08_01_01_02.png
8,processedData/images/08/08_01_02_02.png
8,processedData/images/08/08_01_03_02.png
8,processedData/images/08/08_01_04_02.png
8,processedData/images/08/08_01_05_02.png
8,processedData/images/08/08_01_01_03.png
8,processedData/images/08/08_01_02_03.png
8,processedData/images/08/08_01_03_03.png
8,processedData/images/08/08_01_04_03.png
8,processedData/images/08/08_01_05_03.png
8,processedData/images/08/08_01_01_04.png
8,processedData/images/08/08_01_02_04.png
8,processedData/images/08/08_01_03_04.png
8,processedData/images/08/08_01_04_04.png
8,processedData/images/08/08_01_05_04.png
8,processedData/images/08/08_01_01_05.png
8,processedData/images/08/08_01_02_05.png
8,processedData/images/08/08_01_03_05.png
8,processedData/images/08/08_01_04_05.png
8,processedData/images/08/08_01_05_05.png
8,processedData/images/08/08_01_01_06.png
8,processedData/images/08/08_01_02_06.png
8,processedData/images/08/08_01_03_06.png
8,processedData/images/08/08_01_04_06.png
8,processedData/images/08/08_01_05_06.png
8,processedData/images/08/08_01_01_07.png
8,processedData/images/08/08_01_02_07.png
8,processedData/images/08/08_01_03_07.png
8,processedData/images/08/08_01_04_07.png
8,processedData/images/08/08_01_05_07.png
8,processedData/images/08/08_01_01_08.png
8,processedData/images/08/08_01_02_08.png
8,processedData/images/08/08_01_03_08.png
8,processedData/images/08/08_01_04_08.png
8,processedData/images/08/08_01_05_08.png
8,processedData/images/08/08_01_01_09.png
8,processedData/images/08/08_01_02_09.png
8,processedData/images/08/08_01_03_09.png
8,processedData/images/08/08_01_04_09.png
8,processedData/images/08/08_01_05_09.png
8,processedData/images/08/08_01_01_10.png
8,processedData/images/08/08_01_02_10.png
8,processedData/images/08/08_01_03_10.png
8,processedData/images/08/08_01_04_10.png
8,processedData/images/08/08_01_05_10.png
8,processedData/images/08/08_01_01_11.png
8,processedData/images/08/08_01_02_11.png
8,processedData/images/08/08_01_03_11.png
8,processedData/images/08/08_01_04_11.png
8,processedData/images/08/08_01_05_11.png
8,processedData/images/08/08_01_01_12.png
8,processedData/images/08/08_01_02_12.png
8,processedData/images/08/08_01_03_12.png
8,processedData/images/08/08_01_04_12.png
8,processedData/images/08/08_01_05_12.png
8,processedData/images/08/08_01_01_13.png
8,processedData/images/08/08_01_02_13.png
8,processedData/images/08/08_01_03_13.png
8,processedData/images/08/08_01_04_13.png
8,processedData/images/08/08_01_05_13.png
8,processedData/images/08/08_01_01_14.png
8,processedData/images/08/08_01_02_14.png
8,processedData/images/08/08_01_03_14.png
8,processedData/images/08/08_01_04_14.png
8,processedData/images/08/08_01_05_14.png
8,processedData/images/08/08_01_01_15.png
8,processedData/images/08/08_01_02_15.png
8,processedData/images/08/08_01_03_15.png
8,processedData/images/08/08_01_04_15.png
8,processedData/images/08/08_01_05_15.png
8,processedData/images/08/08_01_01_16.png
8,processedData/images/08/08_01_02_16.png
8,processedData/images/08/08_01_03_16.png
8,processedData/images/08/08_01_04_16.png
8,processedData/images/08/08_01_05_16.png
8,processedData/images/08/08_01_01_17.png
8,processedData/images/08/08_01_02_17.png
8,processedData/images/08/08_01_03_17.png
8,processedData/images/08/08_01_04_17.png
8,processedData/images/08/08_01_05_17.png
8,processedData/images/08/08_01_01_18.png
8,processedData/images/08/08_01_02_18.png
8,processedData/images/08/08_01_03_18.png
8,processedData/images/08/08_01_04_18.png
8,processedData/images/08/08_01_05_18.png
8,processedData/images/08/08_01_01_19.png
8,processedData/images/08/08_01_02_19.png
8,processedData/images/08/08_01_03_19.png
8,processedData/images/08/08_01_04_19.png
8,processedData/images/08/08_01_05_19.png
8,processedData/images/08/08_01_01_20.png
8,processedData/images/08/08_01_02_20.png
8,processedData/images/08/08_01_03_20.png
8,processedData/images/08/08_01_04_20.png
8,processedData/images/08/08_01_05_20.png
8,processedData/images/08/08_01_01_21.png
8,processedData/images/08/08_01_02_21.png
8,processedData/images/08/08_01_03_21.png
8,processedData/images/08/08_01_04_21.png
8,processedData/images/08/08_01_05_21.png
8,processedData/images/08/08_01_01_22.png
8,processedData/images/08/08_01_02_22.png
8,processedData/images/08/08_01_03_22.png
8,processedData/images/08/08_01_04_22.png
8,processedData/images/08/08_01_05_22.png
8,processedData/images/08/08_01_01_23.png
8,processedData/images/08/08_01_02_23.png
8,processedData/images/08/08_01_03_23.png
8,processedData/images/08/08_01_04_23.png
8,processedData/images/08/08_01_05_23.png
8,processedData/images/08/08_01_01_24.png
8,processedData/images/08/08_01_02_24.png
8,processedData/images/08/08_01_03_24.png
8,processedData/images/08/08_01_04_24.png
8,processedData/images/08/08_01_05_24.png
8,processedData/images/08/08_01_01_25.png
8,processedData/images/08/08_01_02_25.png
8,processedData/images/08/08_01_03_25.png
8,processedData/images/08/08_01_04_25.png
8,processedData/images/08/08_01_05_25.png
8,processedData/images/08/08_01_01_26.png
8,processedData/images/08/08_01_02_26.png
8,processedData/images/08/08_01_03_26.png
8,processedData/images/08/08_01_04_26.png
8,processedData/images/08/08_01_05_26.png
8,processedData/images/08/08_01_01_27.png
8,processedData/images/08/08_01_02_27.png
8,processedData/images/08/08_01_03_27.png
8,processedData/images/08/08_01_04_27.png
8,processedData/images/08/08_01_05_27.png
8,processedData/images/08/08_02_01_01.png
8,processedData/images/08/08_02_02_01.png
8,processedData/images/08/08_02_03_01.png
8,processedData/images/08/08_02_04_01.png
8,processedData/images/08/08_02_05_01.png
8,processedData/images/08/08_02_01_02.png
8,processedData/images/08/08_02_02_02.png
8,processedData/images/08/08_02_03_02.png
8,processedData/images/08/08_02_04_02.png
8,processedData/images/08/08_02_05_02.png
8,processedData/images/08/08_02_01_03.png
8,processedData/images/08/08_02_02_03.png
8,processedData/images/08/08_02_03_03.png
8,processedData/images/08/08_02_04_03.png
8,processedData/images/08/08_02_05_03.png
8,processedData/images/08/08_02_01_04.png
8,processedData/images/08/08_02_02_04.png
8,processedData/images/08/08_02_03_04.png
8,processedData/images/08/08_02_04_04.png
8,processedData/images/08/08_02_05_04.png
8,processedData/images/08/08_02_01_05.png
8,processedData/images/08/08_02_02_05.png
8,processedData/images/08/08_02_03_05.png
8,processedData/images/08/08_02_04_05.png
8,processedData/images/08/08_02_05_05.png
8,processedData/images/08/08_02_01_06.png
8,processedData/images/08/08_02_02_06.png
8,processedData/images/08/08_02_03_06.png
8,processedData/images/08/08_02_04_06.png
8,processedData/images/08/08_02_05_06.png
8,processedData/images/08/08_02_01_07.png
8,processedData/images/08/08_02_02_07.png
8,processedData/images/08/08_02_03_07.png
8,processedData/images/08/08_02_04_07.png
8,processedData/images/08/08_02_05_07.png
8,processedData/images/08/08_02_01_08.png
8,processedData/images/08/08_02_02_08.png
8,processedData/images/08/08_02_03_08.png
8,processedData/images/08/08_02_04_08.png
8,processedData/images/08/08_02_05_08.png
8,processedData/images/08/08_02_01_09.png
8,processedData/images/08/08_02_02_09.png
8,processedData/images/08/08_02_03_09.png
8,processedData/images/08/08_02_04_09.png
8,processedData/images/08/08_02_05_09.png
8,processedData/images/08/08_02_01_10.png
8,processedData/images/08/08_02_02_10.png
8,processedData/images/08/08_02_03_10.png
8,processedData/images/08/08_02_04_10.png
8,processedData/images/08/08_02_05_10.png
8,processedData/images/08/08_02_01_11.png
8,processedData/images/08/08_02_02_11.png
8,processedData/images/08/08_02_03_11.png
8,processedData/images/08/08_02_04_11.png
8,processedData/images/08/08_02_05_11.png
8,processedData/images/08/08_02_01_12.png
8,processedData/images/08/08_02_02_12.png
8,processedData/images/08/08_02_03_12.png
8,processedData/images/08/08_02_04_12.png
8,processedData/images/08/08_02_05_12.png
8,processedData/images/08/08_02_01_13.png
8,processedData/images/08/08_02_02_13.png
8,processedData/images/08/08_02_03_13.png
8,processedData/images/08/08_02_04_13.png
8,processedData/images/08/08_02_05_13.png
8,processedData/images/08/08_02_01_14.png
8,processedData/images/08/08_02_02_14.png
8,processedData/images/08/08_02_03_14.png
8,processedData/images/08/08_02_04_14.png
8,processedData/images/08/08_02_05_14.png
8,processedData/images/08/08_02_01_15.png
8,processedData/images/08/08_02_02_15.png
8,processedData/images/08/08_02_03_15.png
8,processedData/images/08/08_02_04_15.png
8,processedData/images/08/08_02_05_15.png
8,processedData/images/08/08_02_01_16.png
8,processedData/images/08/08_02_02_16.png
8,processedData/images/08/08_02_03_16.png
8,processedData/images/08/08_02_04_16.png
8,processedData/images/08/08_02_05_16.png
8,processedData/images/08/08_02_01_17.png
8,processedData/images/08/08_02_02_17.png
8,processedData/images/08/08_02_03_17.png
8,processedData/images/08/08_02_04_17.png
8,processedData/images/08/08_02_05_17.png
8,processedData/images/08/08_02_01_18.png
8,processedData/images/08/08_02_02_18.png
8,processedData/images/08/08_02_03_18.png
8,processedData/images/08/08_02_04_18.png
8,processedData/images/08/08_02_05_18.png
8,processedData/images/08/08_02_01_19.png
8,processedData/images/08/08_02_02_19.png
8,processedData/images/08/08_02_03_19.png
8,processedData/images/08/08_02_04_19.png
8,processedData/images/08/08_02_05_19.png
8,processedData/images/08/08_02_01_20.png
8,processedData/images/08/08_02_02_20.png
8,processedData/images/08/08_02_03_20.png
8,processedData/images/08/08_02_04_20.png
8,processedData/images/08/08_02_05_20.png
8,processedData/images/08/08_02_01_21.png
8,processedData/images/08/08_02_02_21.png
8,processedData/images/08/08_02_03_21.png
8,processedData/images/08/08_02_04_21.png
8,processedData/images/08/08_02_05_21.png
8,processedData/images/08/08_02_01_22.png
8,processedData/images/08/08_02_02_22.png
8,processedData/images/08/08_02_03_22.png
8,processedData/images/08/08_02_04_22.png
8,processedData/images/08/08_02_05_22.png
8,processedData/images/08/08_02_01_23.png
8,processedData/images/08/08_02_02_23.png
8,processedData/images/08/08_02_03_23.png
8,processedData/images/08/08_02_04_23.png
8,processedData/images/08/08_02_05_23.png
8,processedData/images/08/08_02_01_24.png
8,processedData/images/08/08_02_02_24.png
8,processedData/images/08/08_02_03_24.png
8,processedData/images/08/08_02_04_24.png
8,processedData/images/08/08_02_05_24.png
8,processedData/images/08/08_02_01_25.png
8,processedData/images/08/08_02_02_25.png
8,processedData/images/08/08_02_03_25.png
8,processedData/images/08/08_02_04_25.png
8,processedData/images/08/08_02_05_25.png
8,processedData/images/08/08_02_01_26.png
8,processedData/images/08/08_02_02_26.png
8,processedData/images/08/08_02_03_26.png
8,processedData/images/08/08_02_04_26.png
8,processedData/images/08/08_02_05_26.png
8,processedData/images/08/08_02_01_27.png
8,processedData/images/08/08_02_02_27.png
8,processedData/images/08/08_02_03_27.png
8,processedData/images/08/08_02_04_27.png
8,processedData/images/08/08_02_05_27.png
8,processedData/images/08/08_02_01_28.png
8,processedData/images/08/08_02_02_28.png
8,processedData/images/08/08_02_03_28.png
8,processedData/images/08/08_02_04_28.png
8,processedData/images/08/08_02_05_28.png
9,processedData/images/09/09_01_01_01.png
9,processedData/images/09/09_01_02_01.png
9,processedData/images/09/09_01_03_01.png
9,processedData/images/09/09_01_04_01.png
9,processedData/images/09/09_01_05_01.png
9,processedData/images/09/09_01_01_02.png
9,processedData/images/09/09_01_02_02.png
9,processedData/images/09/09_01_03_02.png
9,processedData/images/09/09_01_04_02.png
9,processedData/images/09/09_01_05_02.png
9,processedData/images/09/09_01_01_03.png
9,processedData/images/09/09_01_02_03.png
9,processedData/images/09/09_01_03_03.png
9,processedData/images/09/09_01_04_03.png
9,processedData/images/09/09_01_05_03.png
9,processedData/images/09/09_01_01_04.png
9,processedData/images/09/09_01_02_04.png
9,processedData/images/09/09_01_03_04.png
9,processedData/images/09/09_01_04_04.png
9,processedData/images/09/09_01_05_04.png
9,processedData/images/09/09_01_01_05.png
9,processedData/images/09/09_01_02_05.png
9,processedData/images/09/09_01_03_05.png
9,processedData/images/09/09_01_04_05.png
9,processedData/images/09/09_01_05_05.png
9,processedData/images/09/09_01_01_06.png
9,processedData/images/09/09_01_02_06.png
9,processedData/images/09/09_01_03_06.png
9,processedData/images/09/09_01_04_06.png
9,processedData/images/09/09_01_05_06.png
9,processedData/images/09/09_01_01_07.png
9,processedData/images/09/09_01_02_07.png
9,processedData/images/09/09_01_03_07.png
9,processedData/images/09/09_01_04_07.png
9,processedData/images/09/09_01_05_07.png
9,processedData/images/09/09_01_01_08.png
9,processedData/images/09/09_01_02_08.png
9,processedData/images/09/09_01_03_08.png
9,processedData/images/09/09_01_04_08.png
9,processedData/images/09/09_01_05_08.png
9,processedData/images/09/09_01_01_09.png
9,processedData/images/09/09_01_02_09.png
9,processedData/images/09/09_01_03_09.png
9,processedData/images/09/09_01_04_09.png
9,processedData/images/09/09_01_05_09.png
9,processedData/images/09/09_01_01_10.png
9,processedData/images/09/09_01_02_10.png
9,processedData/images/09/09_01_03_10.png
9,processedData/images/09/09_01_04_10.png
9,processedData/images/09/09_01_05_10.png
9,processedData/images/09/09_01_01_11.png
9,processedData/images/09/09_01_02_11.png
9,processedData/images/09/09_01_03_11.png
9,processedData/images/09/09_01_04_11.png
9,processedData/images/09/09_01_05_11.png
9,processedData/images/09/09_01_01_12.png
9,processedData/images/09/09_01_02_12.png
9,processedData/images/09/09_01_03_12.png
9,processedData/images/09/09_01_04_12.png
9,processedData/images/09/09_01_05_12.png
9,processedData/images/09/09_01_01_13.png
9,processedData/images/09/09_01_02_13.png
9,processedData/images/09/09_01_03_13.png
9,processedData/images/09/09_01_04_13.png
9,processedData/images/09/09_01_05_13.png
9,processedData/images/09/09_01_01_14.png
9,processedData/images/09/09_01_02_14.png
9,processedData/images/09/09_01_03_14.png
9,processedData/images/09/09_01_04_14.png
9,processedData/images/09/09_01_05_14.png
9,processedData/images/09/09_01_01_15.png
9,processedData/images/09/09_01_02_15.png
9,processedData/images/09/09_01_03_15.png
9,processedData/images/09/09_01_04_15.png
9,processedData/images/09/09_01_05_15.png
9,processedData/images/09/09_01_01_16.png
9,processedData/images/09/09_01_02_16.png
9,processedData/images/09/09_01_03_16.png
9,processedData/images/09/09_01_04_16.png
9,processedData/images/09/09_01_05_16.png
9,processedData/images/09/09_01_01_17.png
9,processedData/images/09/09_01_02_17.png
9,processedData/images/09/09_01_03_17.png
9,processedData/images/09/09_01_04_17.png
9,processedData/images/09/09_01_05_17.png
9,processedData/images/09/09_01_01_18.png
9,processedData/images/09/09_01_02_18.png
9,processedData/images/09/09_01_03_18.png
9,processedData/images/09/09_01_04_18.png
9,processedData/images/09/09_01_05_18.png
9,processedData/images/09/09_02_01_01.png
9,processedData/images/09/09_02_02_01.png
9,processedData/images/09/09_02_03_01.png
9,processedData/images/09/09_02_04_01.png
9,processedData/images/09/09_02_05_01.png
9,processedData/images/09/09_02_01_02.png
9,processedData/images/09/09_02_02_02.png
9,processedData/images/09/09_02_03_02.png
9,processedData/images/09/09_02_04_02.png
9,processedData/images/09/09_02_05_02.png
9,processedData/images/09/09_02_01_03.png
9,processedData/images/09/09_02_02_03.png
9,processedData/images/09/09_02_03_03.png
9,processedData/images/09/09_02_04_03.png
9,processedData/images/09/09_02_05_03.png
9,processedData/images/09/09_02_01_04.png
9,processedData/images/09/09_02_02_04.png
9,processedData/images/09/09_02_03_04.png
9,processedData/images/09/09_02_04_04.png
9,processedData/images/09/09_02_05_04.png
9,processedData/images/09/09_02_01_05.png
9,processedData/images/09/09_02_02_05.png
9,processedData/images/09/09_02_03_05.png
9,processedData/images/09/09_02_04_05.png
9,processedData/images/09/09_02_05_05.png
9,processedData/images/09/09_02_01_06.png
9,processedData/images/09/09_02_02_06.png
9,processedData/images/09/09_02_03_06.png
9,processedData/images/09/09_02_04_06.png
9,processedData/images/09/09_02_05_06.png
9,processedData/images/09/09_02_01_07.png
9,processedData/images/09/09_02_02_07.png
9,processedData/images/09/09_02_03_07.png
9,processedData/images/09/09_02_04_07.png
9,processedData/images/09/09_02_05_07.png
9,processedData/images/09/09_02_01_08.png
9,processedData/images/09/09_02_02_08.png
9,processedData/images/09/09_02_03_08.png
9,processedData/images/09/09_02_04_08.png
9,processedData/images/09/09_02_05_08.png
9,processedData/images/09/09_02_01_09.png
9,processedData/images/09/09_02_02_09.png
9,processedData/images/09/09_02_03_09.png
9,processedData/images/09/09_02_04_09.png
9,processedData/images/09/09_02_05_09.png
9,processedData/images/09/09_02_01_10.png
9,processedData/images/09/09_02_02_10.png
9,processedData/images/09/09_02_03_10.png
9,processedData/images/09/09_02_04_10.png
9,processedData/images/09/09_02_05_10.png
9,processedData/images/09/09_02_01_11.png
9,processedData/images/09/09_02_02_11.png
9,processedData/images/09/09_02_03_11.png
9,processedData/images/09/09_02_04_11.png
9,processedData/images/09/09_02_05_11.png
9,processedData/images/09/09_02_01_12.png
9,processedData/images/09/09_02_02_12.png
9,processedData/images/09/09_02_03_12.png
9,processedData/images/09/09_02_04_12.png
9,processedData/images/09/09_02_05_12.png
9,processedData/images/09/09_02_01_13.png
9,processedData/images/09/09_02_02_13.png
9,processedData/images/09/09_02_03_13.png
9,processedData/images/09/09_02_04_13.png
9,processedData/images/09/09_02_05_13.png
9,processedData/images/09/09_02_01_14.png
9,processedData/images/09/09_02_02_14.png
9,processedData/images/09/09_02_03_14.png
9,processedData/images/09/09_02_04_14.png
9,processedData/images/09/09_02_05_14.png
9,processedData/images/09/09_02_01_15.png
9,processedData/images/09/09_02_02_15.png
9,processedData/images/09/09_02_03_15.png
9,processedData/images/09/09_02_04_15.png
9,processedData/images/09/09_02_05_15.png
9,processedData/images/09/09_02_01_16.png
9,processedData/images/09/09_02_02_16.png
9,processedData/images/09/09_02_03_16.png
9,processedData/images/09/09_02_04_16.png
9,processedData/images/09/09_02_05_16.png
9,processedData/images/09/09_02_01_17.png
9,processedData/images/09/09_02_02_17.png
9,processedData/images/09/09_02_03_17.png
9,processedData/images/09/09_02_04_17.png
9,processedData/images/09/09_02_05_17.png
9,processedData/images/09/09_02_01_18.png
9,processedData/images/09/09_02_02_18.png
9,processedData/images/09/09_02_03_18.png
9,processedData/images/09/09_02_04_18.png
9,processedData/images/09/09_02_05_18.png
10,processedData/images/10/10_01_01_01.png
10,processedData/images/10/10_01_02_01.png
10,processedData/images/10/10_01_03_01.png
10,processedData/images/10/10_01_04_01.png
10,processedData/images/10/10_01_05_01.png
10,processedData/images/10/10_01_01_02.png
10,processedData/images/10/10_01_02_02.png
10,processedData/images/10/10_01_03_02.png
10,processedData/images/10/10_01_04_02.png
10,processedData/images/10/10_01_05_02.png
10,processedData/images/10/10_01_01_03.png
10,processedData/images/10/10_01_02_03.png
10,processedData/images/10/10_01_03_03.png
10,processedData/images/10/10_01_04_03.png
10,processedData/images/10/10_01_05_03.png
10,processedData/images/10/10_01_01_04.png
10,processedData/images/10/10_01_02_04.png
10,processedData/images/10/10_01_03_04.png
10,processedData/images/10/10_01_04_04.png
10,processedData/images/10/10_01_05_04.png
10,processedData/images/10/10_01_01_05.png
10,processedData/images/10/10_01_02_05.png
10,processedData/images/10/10_01_03_05.png
10,processedData/images/10/10_01_04_05.png
10,processedData/images/10/10_01_05_05.png
10,processedData/images/10/10_01_01_06.png
10,processedData/images/10/10_01_02_06.png
10,processedData/images/10/10_01_03_06.png
10,processedData/images/10/10_01_04_06.png
10,processedData/images/10/10_01_05_06.png
10,processedData/images/10/10_01_01_07.png
10,processedData/images/10/10_01_02_07.png
10,processedData/images/10/10_01_03_07.png
10,processedData/images/10/10_01_04_07.png
10,processedData/images/10/10_01_05_07.png
10,processedData/images/10/10_01_01_08.png
10,processedData/images/10/10_01_02_08.png
10,processedData/images/10/10_01_03_08.png
10,processedData/images/10/10_01_04_08.png
10,processedData/images/10/10_01_05_08.png
10,processedData/images/10/10_01_01_09.png
10,processedData/images/10/10_01_02_09.png
10,processedData/images/10/10_01_03_09.png
10,processedData/images/10/10_01_04_09.png
10,processedData/images/10/10_01_05_09.png
10,processedData/images/10/10_01_01_10.png
10,processedData/images/10/10_01_02_10.png
10,processedData/images/10/10_01_03_10.png
10,processedData/images/10/10_01_04_10.png
10,processedData/images/10/10_01_05_10.png
10,processedData/images/10/10_01_01_11.png
10,processedData/images/10/10_01_02_11.png
10,processedData/images/10/10_01_03_11.png
10,processedData/images/10/10_01_04_11.png
10,processedData/images/10/10_01_05_11.png
10,processedData/images/10/10_01_01_12.png
10,processedData/images/10/10_01_02_12.png
10,processedData/images/10/10_01_03_12.png
10,processedData/images/10/10_01_04_12.png
10,processedData/images/10/10_01_05_12.png
10,processedData/images/10/10_01_01_13.png
10,processedData/images/10/10_01_02_13.png
10,processedData/images/10/10_01_03_13.png
10,processedData/images/10/10_01_04_13.png
10,processedData/images/10/10_01_05_13.png
10,processedData/images/10/10_01_01_14.png
10,processedData/images/10/10_01_02_14.png
10,processedData/images/10/10_01_03_14.png
10,processedData/images/10/10_01_04_14.png
10,processedData/images/10/10_01_05_14.png
10,processedData/images/10/10_01_01_15.png
10,processedData/images/10/10_01_02_15.png
10,processedData/images/10/10_01_03_15.png
10,processedData/images/10/10_01_04_15.png
10,processedData/images/10/10_01_05_15.png
10,processedData/images/10/10_01_01_16.png
10,processedData/images/10/10_01_02_16.png
10,processedData/images/10/10_01_03_16.png
10,processedData/images/10/10_01_04_16.png
10,processedData/images/10/10_01_05_16.png
10,processedData/images/10/10_01_01_17.png
10,processedData/images/10/10_01_02_17.png
10,processedData/images/10/10_01_03_17.png
10,processedData/images/10/10_01_04_17.png
10,processedData/images/10/10_01_05_17.png
10,processedData/images/10/10_01_01_18.png
10,processedData/images/10/10_01_02_18.png
10,processedData/images/10/10_01_03_18.png
10,processedData/images/10/10_01_04_18.png
10,processedData/images/10/10_01_05_18.png
10,processedData/images/10/10_01_01_19.png
10,processedData/images/10/10_01_02_19.png
10,processedData/images/10/10_01_03_19.png
10,processedData/images/10/10_01_04_19.png
10,processedData/images/10/10_01_05_19.png
10,processedData/images/10/10_01_01_20.png
10,processedData/images/10/10_01_02_20.png
10,processedData/images/10/10_01_03_20.png
10,processedData/images/10/10_01_04_20.png
10,processedData/images/10/10_01_05_20.png
10,processedData/images/10/10_01_01_21.png
10,processedData/images/10/10_01_02_21.png
10,processedData/images/10/10_01_03_21.png
10,processedData/images/10/10_01_04_21.png
10,processedData/images/10/10_01_05_21.png
10,processedData/images/10/10_01_01_22.png
10,processedData/images/10/10_01_02_22.png
10,processedData/images/10/10_01_03_22.png
10,processedData/images/10/10_01_04_22.png
10,processedData/images/10/10_01_05_22.png
10,processedData/images/10/10_01_01_23.png
10,processedData/images/10/10_01_02_23.png
10,processedData/images/10/10_01_03_23.png
10,processedData/images/10/10_01_04_23.png
10,processedData/images/10/10_01_05_23.png
10,processedData/images/10/10_01_01_24.png
10,processedData/images/10/10_01_02_24.png
10,processedData/images/10/10_01_03_24.png
10,processedData/images/10/10_01_04_24.png
10,processedData/images/10/10_01_05_24.png
10,processedData/images/10/10_01_01_25.png
10,processedData/images/10/10_01_02_25.png
10,processedData/images/10/10_01_03_25.png
10,processedData/images/10/10_01_04_25.png
10,processedData/images/10/10_01_05_25.png
10,processedData/images/10/10_01_01_26.png
10,processedData/images/10/10_01_02_26.png
10,processedData/images/10/10_01_03_26.png
10,processedData/images/10/10_01_04_26.png
10,processedData/images/10/10_01_05_26.png
10,processedData/images/10/10_02_01_01.png
10,processedData/images/10/10_02_02_01.png
10,processedData/images/10/10_02_03_01.png
10,processedData/images/10/10_02_04_01.png
10,processedData/images/10/10_02_05_01.png
10,processedData/images/10/10_02_01_02.png
10,processedData/images/10/10_02_02_02.png
10,processedData/images/10/10_02_03_02.png
10,processedData/images/10/10_02_04_02.png
10,processedData/images/10/10_02_05_02.png
10,processedData/images/10/10_02_01_03.png
10,processedData/images/10/10_02_02_03.png
10,processedData/images/10/10_02_03_03.png
10,processedData/images/10/10_02_04_03.png
10,processedData/images/10/10_02_05_03.png
10,processedData/images/10/10_02_01_04.png
10,processedData/images/10/10_02_02_04.png
10,processedData/images/10/10_02_03_04.png
10,processedData/images/10/10_02_04_04.png
10,processedData/images/10/10_02_05_04.png
10,processedData/images/10/10_02_01_05.png
10,processedData/images/10/10_02_02_05.png
10,processedData/images/10/10_02_03_05.png
10,processedData/images/10/10_02_04_05.png
10,processedData/images/10/10_02_05_05.png
10,processedData/images/10/10_02_01_06.png
10,processedData/images/10/10_02_02_06.png
10,processedData/images/10/10_02_03_06.png
10,processedData/images/10/10_02_04_06.png
10,processedData/images/10/10_02_05_06.png
10,processedData/images/10/10_02_01_07.png
10,processedData/images/10/10_02_02_07.png
10,processedData/images/10/10_02_03_07.png
10,processedData/images/10/10_02_04_07.png
10,processedData/images/10/10_02_05_07.png
10,processedData/images/10/10_02_01_08.png
10,processedData/images/10/10_02_02_08.png
10,processedData/images/10/10_02_03_08.png
10,processedData/images/10/10_02_04_08.png
10,processedData/images/10/10_02_05_08.png
10,processedData/images/10/10_02_01_09.png
10,processedData/images/10/10_02_02_09.png
10,processedData/images/10/10_02_03_09.png
10,processedData/images/10/10_02_04_09.png
10,processedData/images/10/10_02_05_09.png
10,processedData/images/10/10_02_01_10.png
10,processedData/images/10/10_02_02_10.png
10,processedData/images/10/10_02_03_10.png
10,processedData/images/10/10_02_04_10.png
10,processedData/images/10/10_02_05_10.png
10,processedData/images/10/10_02_01_11.png
10,processedData/images/10/10_02_02_11.png
10,processedData/images/10/10_02_03_11.png
10,processedData/images/10/10_02_04_11.png
10,processedData/images/10/10_02_05_11.png
10,processedData/images/10/10_02_01_12.png
10,processedData/images/10/10_02_02_12.png
10,processedData/images/10/10_02_03_12.png
10,processedData/images/10/10_02_04_12.png
10,processedData/images/10/10_02_05_12.png
10,processedData/images/10/10_02_01_13.png
10,processedData/images/10/10_02_02_13.png
10,processedData/images/10/10_02_03_13.png
10,processedData/images/10/10_02_04_13.png
10,processedData/images/10/10_02_05_13.png
10,processedData/images/10/10_02_01_14.png
10,processedData/images/10/10_02_02_14.png
10,processedData/images/10/10_02_03_14.png
10,processedData/images/10/10_02_04_14.png
10,processedData/images/10/10_02_05_14.png
10,processedData/images/10/10_02_01_15.png
10,processedData/images/10/10_02_02_15.png
10,processedData/images/10/10_02_03_15.png
10,processedData/images/10/10_02_04_15.png
10,processedData/images/10/10_02_05_15.png
10,processedData/images/10/10_02_01_16.png
10,processedData/images/10/10_02_02_16.png
10,processedData/images/10/10_02_03_16.png
10,processedData/images/10/10_02_04_16.png
10,processedData/images/10/10_02_05_16.png
10,processedData/images/10/10_02_01_17.png
10,processedData/images/10/10_02_02_17.png
10,processedData/images/10/10_02_03_17.png
10,processedData/images/10/10_02_04_17.png
10,processedData/images/10/10_02_05_17.png
10,processedData/images/10/10_02_01_18.png
10,processedData/images/10/10_02_02_18.png
10,processedData/images/10/10_02_03_18.png
10,processedData/images/10/10_02_04_18.png
10,processedData/images/10/10_02_05_18.png
10,processedData/images/10/10_02_01_19.png
10,processedData/images/10/10_02_02_19.png
10,processedData/images/10/10_02_03_19.png
10,processedData/images/10/10_02_04_19.png
10,processedData/images/10/10_02_05_19.png
10,processedData/images/10/10_02_01_20.png
10,processedData/images/10/10_02_02_20.png
10,processedData/images/10/10_02_03_20.png
10,processedData/images/10/10_02_04_20.png
10,processedData/images/10/10_02_05_20.png
10,processedData/images/10/10_02_01_21.png
10,processedData/images/10/10_02_02_21.png
10,processedData/images/10/10_02_03_21.png
10,processedData/images/10/10_02_04_21.png
10,processedData/images/10/10_02_05_21.png
10,processedData/images/10/10_02_01_22.png
10,processedData/images/10/10_02_02_22.png
10,processedData/images/10/10_02_03_22.png
10,processedData/images/10/10_02_04_22.png
10,processedData/images/10/10_02_05_22.png
10,processedData/images/10/10_02_01_23.png
10,processedData/images/10/10_02_02_23.png
10,processedData/images/10/10_02_03_23.png
10,processedData/images/10/10_02_04_23.png
10,processedData/images/10/10_02_05_23.png
10,processedData/images/10/10_02_01_24.png
10,processedData/images/10/10_02_02_24.png
10,processedData/images/10/10_02_03_24.png
10,processedData/images/10/10_02_04_24.png
10,processedData/images/10/10_02_05_24.png
10,processedData/images/10/10_02_01_25.png
10,processedData/images/10/10_02_02_25.png
10,processedData/images/10/10_02_03_25.png
10,processedData/images/10/10_02_04_25.png
10,processedData/images/10/10_02_05_25.png
